event_time,term,estimate,se,p_value,ci95_low,ci95_high,sample,label,outcome
-20,memo_bevent_m20,-0.03303317768907735,0.02077153253222199,0.1117649262594056,-0.07374538145223244,0.007679026074077756,total_cno4,Total CNO4,ln_parados
-19,memo_bevent_m19,-0.03467630620071688,0.020859297085467878,0.09643441707982903,-0.07556052848823391,0.006207916086800165,total_cno4,Total CNO4,ln_parados
-18,memo_bevent_m18,-0.025100442187593636,0.019879455010559148,0.20672135096590027,-0.06406417400828956,0.013863289633102294,total_cno4,Total CNO4,ln_parados
-17,memo_bevent_m17,-0.034832683571234646,0.01889773095866367,0.06529683482541238,-0.07187223625021544,0.0022068691077461455,total_cno4,Total CNO4,ln_parados
-16,memo_bevent_m16,-0.03722119887634068,0.01820471662595631,0.04089520238831468,-0.07290244346321505,-0.0015399542894663082,total_cno4,Total CNO4,ln_parados
-15,memo_bevent_m15,-0.02586203244115748,0.01683639528396581,0.12451901754891925,-0.05886136719773046,0.007137302315415504,total_cno4,Total CNO4,ln_parados
-14,memo_bevent_m14,-0.00499821180788379,0.013437470245092462,0.7099220564350834,-0.03133565348826502,0.021339229872497433,total_cno4,Total CNO4,ln_parados
-13,memo_bevent_m13,0.00409896416567318,0.012934063408517125,0.7513101262446966,-0.021251800115020387,0.029449728446366747,total_cno4,Total CNO4,ln_parados
-12,memo_bevent_m12,-0.004142644614234886,0.014232484521174598,0.7709980337246911,-0.0320383142757371,0.023753025047267326,total_cno4,Total CNO4,ln_parados
-11,memo_bevent_m11,-0.0211991521724825,0.014182405563101106,0.13497967301288605,-0.04899666707616067,0.0065983627311956665,total_cno4,Total CNO4,ln_parados
-10,memo_bevent_m10,-0.023608357656961204,0.014379281329544321,0.10062492002948042,-0.05179174906286807,0.004575033748945665,total_cno4,Total CNO4,ln_parados
-9,memo_bevent_m9,-0.0438937698391797,0.013354924211349603,0.0010136497746155992,-0.07006942129342492,-0.017718118384934475,total_cno4,Total CNO4,ln_parados
-8,memo_bevent_m8,-0.03217728929269145,0.013504300631230757,0.01718414668416557,-0.05864571852990373,-0.0057088600554791695,total_cno4,Total CNO4,ln_parados
-7,memo_bevent_m7,-0.03323024769221494,0.013478301349239764,0.013683646510206149,-0.05964771833672488,-0.006812777047705006,total_cno4,Total CNO4,ln_parados
-6,memo_bevent_m6,-0.041587748479374936,0.013039017796785736,0.0014252665648155638,-0.06714422336107498,-0.016031273597674894,total_cno4,Total CNO4,ln_parados
-5,memo_bevent_m5,-0.050536993547212194,0.012086963509105124,2.9008213297876395e-05,-0.07422744202505824,-0.02684654506936615,total_cno4,Total CNO4,ln_parados
-4,memo_bevent_m4,-0.05226134401244978,0.012857780649551691,4.8121183521931954e-05,-0.07746259408557109,-0.027060093939328466,total_cno4,Total CNO4,ln_parados
-3,memo_bevent_m3,-0.0402809806225482,0.010989978757921345,0.0002471005148432237,-0.061821338988074036,-0.018740622257022367,total_cno4,Total CNO4,ln_parados
-2,memo_bevent_m2,-0.008118451162612755,0.0048886916131946675,0.09678189313020957,-0.017700286724474303,0.0014633843992487919,total_cno4,Total CNO4,ln_parados
-1,reference,0.0,,,,,total_cno4,Total CNO4,ln_parados
0,memo_bevent_0,-0.011166907463792508,0.009082152880776698,0.21886787505055372,-0.028967927110114835,0.006634112182529819,total_cno4,Total CNO4,ln_parados
1,memo_bevent_p1,-0.007243816747279225,0.011566359454382074,0.5311291959457081,-0.02991388127786809,0.01542624778330964,total_cno4,Total CNO4,ln_parados
2,memo_bevent_p2,-0.011054259836784902,0.012636403178355902,0.3816855651334361,-0.035821610066362475,0.013713090392792667,total_cno4,Total CNO4,ln_parados
3,memo_bevent_p3,-0.0077076591331644295,0.012408439241700694,0.5344926044970679,-0.03202820004689779,0.016612881780568932,total_cno4,Total CNO4,ln_parados
4,memo_bevent_p4,-0.0089352053758463,0.01389476173484106,0.5201833051854576,-0.036168938376134774,0.018298527624442177,total_cno4,Total CNO4,ln_parados
5,memo_bevent_p5,-0.005406431104368864,0.01505387342815529,0.719491203982545,-0.03491202302355323,0.024099160814815505,total_cno4,Total CNO4,ln_parados
6,memo_bevent_p6,0.008182822556946578,0.015856729217369192,0.605821362509845,-0.022896366709097036,0.03926201182299019,total_cno4,Total CNO4,ln_parados
7,memo_bevent_p7,0.011456946983403271,0.016304531781697364,0.4822521897030301,-0.020499935308723564,0.04341382927553011,total_cno4,Total CNO4,ln_parados
8,memo_bevent_p8,0.01727398225394408,0.01683005431289351,0.3047138702889689,-0.015712924199327197,0.05026088870721536,total_cno4,Total CNO4,ln_parados
9,memo_bevent_p9,0.030047781879548624,0.016447428290254598,0.0677150336090282,-0.0021891775693503868,0.062284741328447635,total_cno4,Total CNO4,ln_parados
10,memo_bevent_p10,0.05360646374337544,0.01421725005723324,0.0001629059980445824,0.025740653631198287,0.08147227385555258,total_cno4,Total CNO4,ln_parados
11,memo_bevent_p11,0.06094366873838247,0.014264988604499007,1.9350611824453523e-05,0.03298429107356442,0.08890304640320053,total_cno4,Total CNO4,ln_parados
12,memo_bevent_p12,0.057319559912554635,0.01628042061501381,0.00043030131118126924,0.025409935507127564,0.08922918431798171,total_cno4,Total CNO4,ln_parados
13,memo_bevent_p13,0.05043548426563446,0.018356137987877896,0.00600316078187757,0.01445745380939379,0.08641351472187514,total_cno4,Total CNO4,ln_parados
14,memo_bevent_p14,0.04865686905588065,0.019455747929857232,0.012387834854622026,0.01052360311336048,0.08679013499840083,total_cno4,Total CNO4,ln_parados
15,memo_bevent_p15,0.046076781703134284,0.01833809583144077,0.011983620425381591,0.010134113873510375,0.08201944953275819,total_cno4,Total CNO4,ln_parados
16,memo_bevent_p16,0.04077144510005695,0.019949525900036874,0.04098022516000488,0.0016703743359846798,0.07987251586412922,total_cno4,Total CNO4,ln_parados
17,memo_bevent_p17,0.03794701232752548,0.022556031531232822,0.0925020847675937,-0.0062628094736908516,0.0821568341287418,total_cno4,Total CNO4,ln_parados
18,memo_bevent_p18,0.03949695606029194,0.02317210425779308,0.08828687544930047,-0.005920368284982498,0.08491428040556637,total_cno4,Total CNO4,ln_parados
19,memo_bevent_p19,0.04432574819391477,0.024718262829395866,0.0729347470569266,-0.004122046951701125,0.09277354333953067,total_cno4,Total CNO4,ln_parados
20,memo_bevent_p20,0.04769786903472453,0.025092254630551657,0.05731510058107214,-0.0014829500411567137,0.09687868811060578,total_cno4,Total CNO4,ln_parados
21,memo_bevent_p21,0.04974171026195026,0.02374068483732265,0.036152366207445,0.0032099679807978676,0.09627345254310266,total_cno4,Total CNO4,ln_parados
22,memo_bevent_p22,0.07027859370912179,0.023412824216102066,0.0026846458959912667,0.02438945824556174,0.11616772917268184,total_cno4,Total CNO4,ln_parados
23,memo_bevent_p23,0.0816273567868574,0.024117183838885895,0.0007127842705594301,0.03435767646264104,0.12889703711107375,total_cno4,Total CNO4,ln_parados
24,memo_bevent_p24,0.07270111060747295,0.026416665055127228,0.005921575915687871,0.02092444709942358,0.12447777411552231,total_cno4,Total CNO4,ln_parados
25,memo_bevent_p25,0.06805710341650388,0.028055598926502612,0.015274938109309133,0.01306812952055876,0.123046077312449,total_cno4,Total CNO4,ln_parados
26,memo_bevent_p26,0.07157819604520864,0.02837858422584684,0.011660315858276427,0.015956170962548838,0.12720022112786844,total_cno4,Total CNO4,ln_parados
27,memo_bevent_p27,0.0636916542378409,0.027783887712209854,0.02188284168528032,0.009235234321909591,0.11814807415377221,total_cno4,Total CNO4,ln_parados
28,memo_bevent_p28,0.06418094381712977,0.028938453391519594,0.026565544900470917,0.007461575169751371,0.12090031246450816,total_cno4,Total CNO4,ln_parados
29,memo_bevent_p29,0.0781755128847017,0.029292362431090808,0.007612232993818413,0.020762482519763724,0.13558854324963968,total_cno4,Total CNO4,ln_parados
30,memo_bevent_p30,0.07873536981466522,0.030037893201691365,0.0087620464068221,0.01986109913935015,0.1376096404899803,total_cno4,Total CNO4,ln_parados
31,memo_bevent_p31,0.08259489630451589,0.03024970095068419,0.006325046160803982,0.023305482441174877,0.1418843101678569,total_cno4,Total CNO4,ln_parados
32,memo_bevent_p32,0.09020735116272903,0.031117921213964745,0.0037448930116379398,0.02921622558335813,0.15119847674209994,total_cno4,Total CNO4,ln_parados
33,memo_bevent_p33,0.10459559283307596,0.030529032569175527,0.0006123094135310758,0.04475868899749193,0.16443249666866,total_cno4,Total CNO4,ln_parados
34,memo_bevent_p34,0.1284690737217285,0.029540160748541152,1.3678262420491194e-05,0.07057035865458784,0.18636778878886917,total_cno4,Total CNO4,ln_parados
35,memo_bevent_p35,0.13088365594561185,0.029828946709195843,1.1449940174435014e-05,0.072418920395588,0.1893483914956357,total_cno4,Total CNO4,ln_parados
36,memo_bevent_p36,0.13217790145364566,0.031201631892304845,2.2728409219796575e-05,0.07102270294472818,0.19333309996256315,total_cno4,Total CNO4,ln_parados
37,memo_bevent_p37,0.11890580574206307,0.03355453322446839,0.00039461608098290135,0.05313892062210501,0.18467269086202112,total_cno4,Total CNO4,ln_parados
38,memo_bevent_p38,0.11982018210695357,0.03412746836538164,0.0004464912926911424,0.05293034411080555,0.1867100201031016,total_cno4,Total CNO4,ln_parados
39,memo_bevent_p39,0.10361874579894464,0.03325711921146495,0.0018351747682101571,0.038434792144473345,0.16880269945341594,total_cno4,Total CNO4,ln_parados
40,memo_bevent_p40,0.11085036571775908,0.03413350801677115,0.0011640211023224989,0.04394869000488763,0.17775204143063053,total_cno4,Total CNO4,ln_parados
41,memo_bevent_p41,0.12132490321245834,0.034874784265342566,0.000503529424934479,0.05297032605238691,0.18967948037252977,total_cno4,Total CNO4,ln_parados
42,memo_bevent_p42,0.13772356338548042,0.03589029935587699,0.00012437023878142384,0.06737857664796153,0.2080685501229993,total_cno4,Total CNO4,ln_parados
-20,memo_bevent_m20,0.01623654959008821,0.04369412814109412,0.7101939003551019,-0.06940394156645627,0.10187704074663267,age3_lt18_to_29,Age <18 to 29,ln_parados
-19,memo_bevent_m19,0.015785464995304088,0.042739510956106876,0.711873372231403,-0.06798397647866539,0.09955490646927356,age3_lt18_to_29,Age <18 to 29,ln_parados
-18,memo_bevent_m18,0.051889873607872235,0.04268056080372544,0.22407140540101933,-0.031764025567429625,0.1355437727831741,age3_lt18_to_29,Age <18 to 29,ln_parados
-17,memo_bevent_m17,0.03708093936478168,0.04234432669398069,0.38119298510731126,-0.04591394095542047,0.12007581968498382,age3_lt18_to_29,Age <18 to 29,ln_parados
-16,memo_bevent_m16,-0.016800116773295074,0.042744608187679986,0.6942938090768183,-0.10057954882114784,0.0669793152745577,age3_lt18_to_29,Age <18 to 29,ln_parados
-15,memo_bevent_m15,-0.01426712145959386,0.040686337059399356,0.7258425062312512,-0.0940123420960166,0.06547809917682888,age3_lt18_to_29,Age <18 to 29,ln_parados
-14,memo_bevent_m14,0.026317024040569494,0.036488339369939185,0.4707589293137555,-0.04520012112451131,0.0978341692056503,age3_lt18_to_29,Age <18 to 29,ln_parados
-13,memo_bevent_m13,0.057814521202816334,0.036607993374042906,0.11427028508212334,-0.013937145810307756,0.12956618821594043,age3_lt18_to_29,Age <18 to 29,ln_parados
-12,memo_bevent_m12,0.04944746717925192,0.03691563490726168,0.1804169945396059,-0.022907177238980968,0.1218021115974848,age3_lt18_to_29,Age <18 to 29,ln_parados
-11,memo_bevent_m11,0.034328004530941016,0.03601766430540708,0.34054547306648475,-0.036266617507656855,0.10492262656953888,age3_lt18_to_29,Age <18 to 29,ln_parados
-10,memo_bevent_m10,0.004872895979498794,0.039262669724145015,0.9012280587217039,-0.07208193667982543,0.08182772863882301,age3_lt18_to_29,Age <18 to 29,ln_parados
-9,memo_bevent_m9,-0.014712676838447087,0.04036116134941297,0.715465555649343,-0.09382055308329651,0.06439519940640234,age3_lt18_to_29,Age <18 to 29,ln_parados
-8,memo_bevent_m8,-0.0018639278669218106,0.04022681532616753,0.9630428791445775,-0.08070848590621017,0.07698063017236655,age3_lt18_to_29,Age <18 to 29,ln_parados
-7,memo_bevent_m7,-0.015350629368754398,0.03835389908339903,0.6889823517108999,-0.09052427157221649,0.059823012834707694,age3_lt18_to_29,Age <18 to 29,ln_parados
-6,memo_bevent_m6,-0.012350406072189233,0.03877457902965456,0.7500919509520134,-0.08834858097031217,0.0636477688259337,age3_lt18_to_29,Age <18 to 29,ln_parados
-5,memo_bevent_m5,-0.021431329400434674,0.03532141827207201,0.5440157285239433,-0.0906613092136958,0.047798650412826466,age3_lt18_to_29,Age <18 to 29,ln_parados
-4,memo_bevent_m4,-0.05528476748149708,0.03509427844205055,0.11518227920185131,-0.12406955322791616,0.013500018264922004,age3_lt18_to_29,Age <18 to 29,ln_parados
-3,memo_bevent_m3,-0.03895720192001127,0.027102539262024203,0.15060424322837962,-0.0920781788735787,0.014163775033556161,age3_lt18_to_29,Age <18 to 29,ln_parados
-2,memo_bevent_m2,-0.005344670315657015,0.024936595383655894,0.8302894176574609,-0.054220397267622567,0.04353105663630853,age3_lt18_to_29,Age <18 to 29,ln_parados
-1,reference,0.0,,,,,age3_lt18_to_29,Age <18 to 29,ln_parados
0,memo_bevent_0,-0.02209762280587152,0.030046011458770925,0.46205973223693775,-0.08098780526506252,0.03679255965331949,age3_lt18_to_29,Age <18 to 29,ln_parados
1,memo_bevent_p1,0.01275923119547792,0.03188395821544412,0.689026051004761,-0.049733326906792545,0.07525178929774838,age3_lt18_to_29,Age <18 to 29,ln_parados
2,memo_bevent_p2,0.020949068163863008,0.03411805083260295,0.5392039977080492,-0.04592231146803877,0.08782044779576478,age3_lt18_to_29,Age <18 to 29,ln_parados
3,memo_bevent_p3,0.009582609684872815,0.03287201056892915,0.7706592059841522,-0.05484653103022831,0.07401175039997394,age3_lt18_to_29,Age <18 to 29,ln_parados
4,memo_bevent_p4,-0.028992607853503105,0.03427322180518824,0.3975940527588939,-0.09616812259167205,0.03818290688466584,age3_lt18_to_29,Age <18 to 29,ln_parados
5,memo_bevent_p5,-0.030159432479882623,0.033104304384966234,0.3622729133415743,-0.09504386907441643,0.034725004114651195,age3_lt18_to_29,Age <18 to 29,ln_parados
6,memo_bevent_p6,-0.019525156019537592,0.03401421269759386,0.5659479480178278,-0.08619301290682156,0.04714270086774637,age3_lt18_to_29,Age <18 to 29,ln_parados
7,memo_bevent_p7,-0.037286182107386046,0.03996992425411437,0.3508943429419005,-0.11562723364545022,0.041054869430678126,age3_lt18_to_29,Age <18 to 29,ln_parados
8,memo_bevent_p8,-0.0372237969496652,0.03878266727133486,0.3371533785311249,-0.11323782480148152,0.03879023090215113,age3_lt18_to_29,Age <18 to 29,ln_parados
9,memo_bevent_p9,-0.04919582715045676,0.040412003162563076,0.22346848918047213,-0.1284033533490804,0.03001169904816687,age3_lt18_to_29,Age <18 to 29,ln_parados
10,memo_bevent_p10,0.0020096629846998613,0.036150970268423475,0.9556677578616388,-0.06884623874141015,0.07286556471080986,age3_lt18_to_29,Age <18 to 29,ln_parados
11,memo_bevent_p11,0.07004011930937537,0.03439511372427873,0.04171630335968124,0.0026256964097890606,0.1374545422089617,age3_lt18_to_29,Age <18 to 29,ln_parados
12,memo_bevent_p12,0.06740849865480958,0.036892384629641936,0.06767486394648592,-0.004900575219288619,0.13971757252890776,age3_lt18_to_29,Age <18 to 29,ln_parados
13,memo_bevent_p13,0.06197294261792825,0.0391496479075502,0.11342699542290435,-0.01476036728087013,0.13870625251672664,age3_lt18_to_29,Age <18 to 29,ln_parados
14,memo_bevent_p14,0.05539749884307802,0.04194014621521241,0.1865445718680956,-0.026805187738738294,0.13760018542489433,age3_lt18_to_29,Age <18 to 29,ln_parados
15,memo_bevent_p15,0.04057193622609496,0.040845221243715875,0.32055926938003365,-0.03948469741158816,0.12062856986377807,age3_lt18_to_29,Age <18 to 29,ln_parados
16,memo_bevent_p16,0.01012757429425219,0.043188888760588066,0.8146007894682736,-0.07452264767650042,0.09477779626500481,age3_lt18_to_29,Age <18 to 29,ln_parados
17,memo_bevent_p17,0.006439368923802365,0.044223922780120925,0.8842306384282685,-0.08023951972523465,0.09311825757283938,age3_lt18_to_29,Age <18 to 29,ln_parados
18,memo_bevent_p18,0.02791828995319365,0.04445626831615298,0.5300075730452456,-0.05921599594646619,0.11505257585285349,age3_lt18_to_29,Age <18 to 29,ln_parados
19,memo_bevent_p19,-0.018072182125855457,0.04546776288123468,0.6910191145108238,-0.10718899737307543,0.07104463312136451,age3_lt18_to_29,Age <18 to 29,ln_parados
21,memo_bevent_p21,0.059612343917187074,0.04299639124786616,0.1656095572027887,-0.024660582928630603,0.14388527076300475,age3_lt18_to_29,Age <18 to 29,ln_parados
22,memo_bevent_p22,0.09582220627553448,0.04384258583031121,0.028845132010986818,0.0098907380481245,0.18175367450294444,age3_lt18_to_29,Age <18 to 29,ln_parados
23,memo_bevent_p23,0.07833800669778938,0.04233858836792761,0.06427400869528688,-0.004645626503348724,0.1613216398989275,age3_lt18_to_29,Age <18 to 29,ln_parados
24,memo_bevent_p24,0.08081917263819736,0.04308949777626895,0.0607085980392954,-0.0036362430032897686,0.1652745882796845,age3_lt18_to_29,Age <18 to 29,ln_parados
25,memo_bevent_p25,0.06711313853469007,0.0433641108665587,0.12170285134017633,-0.017880518763764966,0.15210679583314513,age3_lt18_to_29,Age <18 to 29,ln_parados
26,memo_bevent_p26,0.10032582833559017,0.04461529327360991,0.024532419203568967,0.01287985351931474,0.1877718031518656,age3_lt18_to_29,Age <18 to 29,ln_parados
27,memo_bevent_p27,0.08678712102772845,0.044733336741770824,0.05236760752105285,-0.0008902189861423604,0.17446446104159927,age3_lt18_to_29,Age <18 to 29,ln_parados
28,memo_bevent_p28,0.055201866161032474,0.045930501157847324,0.22941917447822102,-0.034821916108348276,0.14522564843041322,age3_lt18_to_29,Age <18 to 29,ln_parados
29,memo_bevent_p29,0.07119592291195433,0.04701267923889031,0.12992484266932824,-0.02094892839627069,0.16334077422017934,age3_lt18_to_29,Age <18 to 29,ln_parados
30,memo_bevent_p30,0.07799329769828678,0.047496308360345,0.10057098425029909,-0.015099466687989421,0.17108606208456298,age3_lt18_to_29,Age <18 to 29,ln_parados
31,memo_bevent_p31,0.0609438468114942,0.04777075951479412,0.2020416841950008,-0.03268684183750227,0.15457453546049066,age3_lt18_to_29,Age <18 to 29,ln_parados
32,memo_bevent_p32,0.0586422455515208,0.04848153636120246,0.2264405018161355,-0.036381565716436026,0.15366605681947762,age3_lt18_to_29,Age <18 to 29,ln_parados
33,memo_bevent_p33,0.09510278333929349,0.047628250900019674,0.045849898300250436,0.0017514115752549353,0.18845415510333205,age3_lt18_to_29,Age <18 to 29,ln_parados
34,memo_bevent_p34,0.12772261628513232,0.05049601980359374,0.01142707287066691,0.02875041747008858,0.22669481510017606,age3_lt18_to_29,Age <18 to 29,ln_parados
35,memo_bevent_p35,0.13783853983113797,0.04976037933730521,0.005604837606607127,0.040308196330019766,0.2353688833322562,age3_lt18_to_29,Age <18 to 29,ln_parados
36,memo_bevent_p36,0.1648817223577003,0.049755538438411455,0.0009202528151888156,0.06736086701841384,0.2624025776969867,age3_lt18_to_29,Age <18 to 29,ln_parados
37,memo_bevent_p37,0.13849563359733646,0.051245663947218606,0.006880311151735041,0.03805413226078799,0.23893713493388494,age3_lt18_to_29,Age <18 to 29,ln_parados
38,memo_bevent_p38,0.10878414198236369,0.05358586651637124,0.042347372424162755,0.0037558436102760606,0.21381244035445132,age3_lt18_to_29,Age <18 to 29,ln_parados
39,memo_bevent_p39,0.06857048197872215,0.05322319575201508,0.19762168599333219,-0.035746981695227414,0.1728879456526717,age3_lt18_to_29,Age <18 to 29,ln_parados
40,memo_bevent_p40,0.09164454286705884,0.05326364639521613,0.08532645788708915,-0.012752204067564776,0.19604128980168245,age3_lt18_to_29,Age <18 to 29,ln_parados
41,memo_bevent_p41,0.09905358781537954,0.05431534856046557,0.06820109652155537,-0.007404495363132979,0.20551167099389206,age3_lt18_to_29,Age <18 to 29,ln_parados
42,memo_bevent_p42,0.13042825844525702,0.054040902395268764,0.01579969423422578,0.024508089750530246,0.23634842713998377,age3_lt18_to_29,Age <18 to 29,ln_parados
-20,memo_bevent_m20,-0.005545157023626181,0.03707940714118605,0.8811211122873353,-0.07822079502035084,0.06713048097309848,age3_30_39,Age 30-39,ln_parados
-19,memo_bevent_m19,-0.009898497319424406,0.03686739539803248,0.788322790647586,-0.08215859229956807,0.06236159766071925,age3_30_39,Age 30-39,ln_parados
-18,memo_bevent_m18,-0.0022121156473096136,0.035350845916831956,0.9501041161023978,-0.07149977364430024,0.06707554234968102,age3_30_39,Age 30-39,ln_parados
-17,memo_bevent_m17,-0.03706841632650645,0.03375401374517424,0.27212029065067833,-0.10322628326704797,0.02908945061403507,age3_30_39,Age 30-39,ln_parados
-16,memo_bevent_m16,-0.021807392262028415,0.03427977303133638,0.5246726767880467,-0.0889957474034477,0.04538096287939088,age3_30_39,Age 30-39,ln_parados
-15,memo_bevent_m15,0.0023722708161998986,0.03234143255605302,0.9415269466990999,-0.06101693699366402,0.06576147862606381,age3_30_39,Age 30-39,ln_parados
-14,memo_bevent_m14,0.03998220137143688,0.029454038198800256,0.17464024091250563,-0.017747713498211616,0.09771211624108539,age3_30_39,Age 30-39,ln_parados
-13,memo_bevent_m13,0.02174659965570542,0.03185432077976237,0.4948032776999596,-0.04068786907262883,0.08418106838403966,age3_30_39,Age 30-39,ln_parados
-12,memo_bevent_m12,0.03577199285965509,0.031847347210459676,0.2613385305384863,-0.026648807672845873,0.09819279339215606,age3_30_39,Age 30-39,ln_parados
-11,memo_bevent_m11,-0.008014953900341744,0.0314704441587921,0.7989687630000071,-0.06969702445157425,0.053667116650890766,age3_30_39,Age 30-39,ln_parados
-10,memo_bevent_m10,-0.00036650103586641713,0.031037921358950307,0.9905786628178146,-0.06120082689940902,0.06046782482767618,age3_30_39,Age 30-39,ln_parados
-9,memo_bevent_m9,-0.017322539141695622,0.032818651495284984,0.5976200757754777,-0.0816470960724542,0.04700201778906295,age3_30_39,Age 30-39,ln_parados
-8,memo_bevent_m8,-0.029473763412572927,0.030440551808014183,0.3329244643828808,-0.08913724495628073,0.03018971813113487,age3_30_39,Age 30-39,ln_parados
-7,memo_bevent_m7,-0.0394641278000214,0.03134934160659036,0.20808441145221623,-0.10090883734893849,0.0219805817488957,age3_30_39,Age 30-39,ln_parados
-6,memo_bevent_m6,-0.05959607369714967,0.029578031624872998,0.0439176161665058,-0.11756901568190074,-0.0016231317123985983,age3_30_39,Age 30-39,ln_parados
-5,memo_bevent_m5,-0.05126848929958491,0.026792417156622533,0.05567834985481612,-0.10378162692656508,0.0012446483273952508,age3_30_39,Age 30-39,ln_parados
-4,memo_bevent_m4,-0.037489312864290206,0.021178089321577984,0.07669493690704265,-0.07899836793458305,0.004019742206002638,age3_30_39,Age 30-39,ln_parados
-3,memo_bevent_m3,-0.03488659561818178,0.01943584908947672,0.07265987696470266,-0.07298085983355615,0.003207668597192584,age3_30_39,Age 30-39,ln_parados
-2,memo_bevent_m2,-0.0001632642159753969,0.018100975149464165,0.9928034688777236,-0.035641175508925156,0.03531464707697437,age3_30_39,Age 30-39,ln_parados
-1,reference,0.0,,,,,age3_30_39,Age 30-39,ln_parados
0,memo_bevent_0,0.010110912656757039,0.017286596916369776,0.5586156541045928,-0.023770817299327722,0.0439926426128418,age3_30_39,Age 30-39,ln_parados
1,memo_bevent_p1,0.023158561938557053,0.02681346135965981,0.3877573171039166,-0.02939582232637617,0.07571294620349028,age3_30_39,Age 30-39,ln_parados
2,memo_bevent_p2,0.011887769825086596,0.0277962670370391,0.6688877190329503,-0.04259291356751004,0.06636845321768323,age3_30_39,Age 30-39,ln_parados
3,memo_bevent_p3,-0.0038910646272971375,0.02719002739297393,0.8862062175622059,-0.057183518317526036,0.04940138906293176,age3_30_39,Age 30-39,ln_parados
4,memo_bevent_p4,0.026829277543961708,0.03250740145948767,0.4091852438243868,-0.03688522931663413,0.09054378440455754,age3_30_39,Age 30-39,ln_parados
5,memo_bevent_p5,0.02792348790091024,0.0343964487921524,0.41689888106379813,-0.039493551731708466,0.09534052753352895,age3_30_39,Age 30-39,ln_parados
6,memo_bevent_p6,0.04861010976290648,0.03525947564651879,0.16800589745999783,-0.02049846250427035,0.11771868203008332,age3_30_39,Age 30-39,ln_parados
7,memo_bevent_p7,0.06977265791682921,0.03261701837844133,0.03242361380302272,0.005843301895084196,0.13370201393857423,age3_30_39,Age 30-39,ln_parados
8,memo_bevent_p8,0.0891326423020381,0.03468454730692572,0.010175476502044312,0.02115092958046369,0.1571143550236125,age3_30_39,Age 30-39,ln_parados
9,memo_bevent_p9,0.10157371905331763,0.038171138842991434,0.00779070258993797,0.02675828692105442,0.17638915118558085,age3_30_39,Age 30-39,ln_parados
10,memo_bevent_p10,0.1413387099109773,0.03607033156788175,8.913128817322757e-05,0.07064086003792906,0.21203655978402552,age3_30_39,Age 30-39,ln_parados
11,memo_bevent_p11,0.152911586447703,0.035728939877752816,1.8708792903332494e-05,0.08288286428730748,0.22294030860809852,age3_30_39,Age 30-39,ln_parados
12,memo_bevent_p12,0.1299885184375515,0.04219314777925496,0.0020644742360276247,0.04728994879021177,0.21268708808489123,age3_30_39,Age 30-39,ln_parados
13,memo_bevent_p13,0.11944153767499542,0.04050310064110809,0.0031885762045720245,0.04005546041842356,0.19882761493156728,age3_30_39,Age 30-39,ln_parados
14,memo_bevent_p14,0.12572476930712964,0.04125519007184665,0.0023076138801847446,0.0448645967663102,0.20658494184794907,age3_30_39,Age 30-39,ln_parados
15,memo_bevent_p15,0.12283418545613123,0.03971536462656765,0.001982355650891998,0.04499207078805864,0.20067630012420382,age3_30_39,Age 30-39,ln_parados
16,memo_bevent_p16,0.12680440424736983,0.03999939305293807,0.0015235595792140177,0.04840559386361121,0.20520321463112845,age3_30_39,Age 30-39,ln_parados
17,memo_bevent_p17,0.13283177241108185,0.042033958517488694,0.0015771164831368534,0.05044521371680401,0.2152183311053597,age3_30_39,Age 30-39,ln_parados
18,memo_bevent_p18,0.15289244139651872,0.041816789992998336,0.0002559364698058175,0.07093153301024199,0.23485334978279546,age3_30_39,Age 30-39,ln_parados
19,memo_bevent_p19,0.17218646872861013,0.0424733980977242,5.03527002555515e-05,0.0889386084570707,0.25543432900014956,age3_30_39,Age 30-39,ln_parados
21,memo_bevent_p21,0.16236933868169448,0.04364907880581797,0.0001993173939733861,0.07681714422229126,0.24792153314109772,age3_30_39,Age 30-39,ln_parados
22,memo_bevent_p22,0.20022995313429784,0.04295809280568363,3.145954858840838e-06,0.11603209123515792,0.2844278150334377,age3_30_39,Age 30-39,ln_parados
23,memo_bevent_p23,0.22031590659633055,0.0440769286173757,5.77958245262522e-07,0.1339251265062742,0.3067066866863869,age3_30_39,Age 30-39,ln_parados
24,memo_bevent_p24,0.2164139154299386,0.04665352610136527,3.50527429460179e-06,0.12497300427126266,0.3078548265886145,age3_30_39,Age 30-39,ln_parados
25,memo_bevent_p25,0.19085426561933078,0.04843481089995061,8.133369665364043e-05,0.09592203625542758,0.28578649498323394,age3_30_39,Age 30-39,ln_parados
26,memo_bevent_p26,0.2060866090426571,0.047252613429517795,1.2924460089491774e-05,0.11347148672080223,0.29870173136451195,age3_30_39,Age 30-39,ln_parados
27,memo_bevent_p27,0.18714839718802392,0.04636328030628883,5.423949008576123e-05,0.09627636778769783,0.27802042658835,age3_30_39,Age 30-39,ln_parados
28,memo_bevent_p28,0.19805891404183643,0.047288848976563304,2.81077291650611e-05,0.10537277004777235,0.2907450580359005,age3_30_39,Age 30-39,ln_parados
29,memo_bevent_p29,0.2351453502558394,0.04895437164979292,1.5602691030291993e-06,0.1391947818222453,0.33109591868943355,age3_30_39,Age 30-39,ln_parados
30,memo_bevent_p30,0.24016509871523772,0.05008585709861451,1.6261952724416773e-06,0.1419968188019533,0.33833337862852214,age3_30_39,Age 30-39,ln_parados
31,memo_bevent_p31,0.24119962082268998,0.050587689834750114,1.8610913261607465e-06,0.14204774874657977,0.3403514928988002,age3_30_39,Age 30-39,ln_parados
32,memo_bevent_p32,0.2475948926285682,0.05276284844964492,2.6975585256661105e-06,0.14417970966726418,0.35101007558987224,age3_30_39,Age 30-39,ln_parados
33,memo_bevent_p33,0.2431634737687436,0.05533783967808521,1.1120048700075102e-05,0.13470130799969657,0.3516256395377906,age3_30_39,Age 30-39,ln_parados
34,memo_bevent_p34,0.2812057739507503,0.05155296133164389,4.905647355002429e-08,0.1801619697407283,0.3822495781607723,age3_30_39,Age 30-39,ln_parados
35,memo_bevent_p35,0.2766595465946085,0.048608217457077954,1.258390014413635e-08,0.18138744037873572,0.3719316528104813,age3_30_39,Age 30-39,ln_parados
36,memo_bevent_p36,0.2799528702839722,0.047519025411551064,3.8297229831840696e-09,0.1868155804773321,0.3730901600906123,age3_30_39,Age 30-39,ln_parados
37,memo_bevent_p37,0.26099721327653935,0.051209699017877114,3.4574157381506154e-07,0.16062620320150023,0.3613682233515785,age3_30_39,Age 30-39,ln_parados
38,memo_bevent_p38,0.25068559002848273,0.0513499607680861,1.0506629009032764e-06,0.15003966692303397,0.3513315131339315,age3_30_39,Age 30-39,ln_parados
39,memo_bevent_p39,0.2301369806255274,0.05397072422981231,2.007026285988367e-05,0.12435436113509526,0.33591960011595956,age3_30_39,Age 30-39,ln_parados
40,memo_bevent_p40,0.24943809080688384,0.05359009374571328,3.246796339118063e-06,0.14440150706528582,0.35447467454848186,age3_30_39,Age 30-39,ln_parados
41,memo_bevent_p41,0.25316156791625666,0.05448602405068092,3.378466733705565e-06,0.14636896077692207,0.35995417505559124,age3_30_39,Age 30-39,ln_parados
42,memo_bevent_p42,0.28606512519152927,0.05653462562559105,4.192596079199973e-07,0.1752572589653708,0.3968729914176877,age3_30_39,Age 30-39,ln_parados
-20,memo_bevent_m20,-0.059427877861970624,0.019478666793788953,0.002281404255443542,-0.09760606477779697,-0.021249690946144276,age3_40_to_gt44,Age 40 to >44,ln_parados
-19,memo_bevent_m19,-0.059832950141219296,0.019567046867907136,0.0022293661533141496,-0.09818436200231728,-0.02148153828012131,age3_40_to_gt44,Age 40 to >44,ln_parados
-18,memo_bevent_m18,-0.04657677720774584,0.01915631382469568,0.015040348634978384,-0.08412315230414938,-0.00903040211134231,age3_40_to_gt44,Age 40 to >44,ln_parados
-17,memo_bevent_m17,-0.052817103556895256,0.018316430252087148,0.003931683409818643,-0.08871730685098606,-0.01691690026280445,age3_40_to_gt44,Age 40 to >44,ln_parados
-16,memo_bevent_m16,-0.048836920457366345,0.018097675022147163,0.0069648755586988464,-0.08430836350077478,-0.013365477413957903,age3_40_to_gt44,Age 40 to >44,ln_parados
-15,memo_bevent_m15,-0.03386847184462016,0.01727642397194224,0.04995060874617274,-0.06773026282962696,-6.680859613368562e-06,age3_40_to_gt44,Age 40 to >44,ln_parados
-14,memo_bevent_m14,-0.01680166679593397,0.014176253265181158,0.23593917670547726,-0.04458712319568904,0.010983789603821098,age3_40_to_gt44,Age 40 to >44,ln_parados
-13,memo_bevent_m13,-0.012994285636057099,0.013634305808102376,0.3405606322296053,-0.039717525019937756,0.013728953747823557,age3_40_to_gt44,Age 40 to >44,ln_parados
-12,memo_bevent_m12,-0.02472945242724964,0.015240269816383985,0.10466665094512106,-0.05460038126736225,0.0051414764128629685,age3_40_to_gt44,Age 40 to >44,ln_parados
-11,memo_bevent_m11,-0.036251441833402336,0.014786302558976712,0.014218678566571885,-0.06523259484899668,-0.007270288817807981,age3_40_to_gt44,Age 40 to >44,ln_parados
-10,memo_bevent_m10,-0.037847663148789366,0.015217200374057398,0.012876625728457158,-0.06767337588194186,-0.008021950415636865,age3_40_to_gt44,Age 40 to >44,ln_parados
-9,memo_bevent_m9,-0.0476342726121379,0.013264412094877484,0.0003292431177717159,-0.07363252031809778,-0.021636024906178032,age3_40_to_gt44,Age 40 to >44,ln_parados
-8,memo_bevent_m8,-0.03687672778910679,0.01264780113806944,0.0035493347227872896,-0.06166641801972289,-0.01208703755849069,age3_40_to_gt44,Age 40 to >44,ln_parados
-7,memo_bevent_m7,-0.03700846764341065,0.01164382311653855,0.0014810168799193058,-0.05983036095182621,-0.014186574334995088,age3_40_to_gt44,Age 40 to >44,ln_parados
-6,memo_bevent_m6,-0.04400005024570719,0.011338436266337282,0.00010419476540746153,-0.06622338532772826,-0.021776715163686115,age3_40_to_gt44,Age 40 to >44,ln_parados
-5,memo_bevent_m5,-0.0488343515210079,0.010024468204440456,1.1074551309331326e-06,-0.0684823092017112,-0.02918639384030461,age3_40_to_gt44,Age 40 to >44,ln_parados
-4,memo_bevent_m4,-0.045165639821098225,0.01046127735438274,1.5786962861197296e-05,-0.06566974343568839,-0.024661536206508055,age3_40_to_gt44,Age 40 to >44,ln_parados
-3,memo_bevent_m3,-0.03010172454560114,0.009346661320006618,0.0012792890124753153,-0.04842118073281411,-0.011782268358388172,age3_40_to_gt44,Age 40 to >44,ln_parados
-2,memo_bevent_m2,-0.002737643566797464,0.005682287792039225,0.6299583682318735,-0.013874927639194345,0.008399640505599416,age3_40_to_gt44,Age 40 to >44,ln_parados
-1,reference,0.0,,,,,age3_40_to_gt44,Age 40 to >44,ln_parados
0,memo_bevent_0,-0.012619681496768538,0.007005582174521756,0.07164377341890038,-0.02635062255883118,0.001111259565294103,age3_40_to_gt44,Age 40 to >44,ln_parados
1,memo_bevent_p1,-0.012978924186150372,0.008707001344862478,0.13605845915169978,-0.030044646822080828,0.004086798449780084,age3_40_to_gt44,Age 40 to >44,ln_parados
2,memo_bevent_p2,-0.016445920176790762,0.009719075435017158,0.09062156101788044,-0.0354953080294244,0.0026034676758428694,age3_40_to_gt44,Age 40 to >44,ln_parados
3,memo_bevent_p3,-0.012102225043396721,0.010142958127129426,0.23280466602091598,-0.031982422972570396,0.007777972885776953,age3_40_to_gt44,Age 40 to >44,ln_parados
4,memo_bevent_p4,-0.014854584643778626,0.011090011636004024,0.18042221009987536,-0.03659100745034651,0.006881838162789261,age3_40_to_gt44,Age 40 to >44,ln_parados
5,memo_bevent_p5,-0.012197104532694987,0.012576282916892808,0.3321214027899,-0.036846619049804887,0.012452409984414914,age3_40_to_gt44,Age 40 to >44,ln_parados
6,memo_bevent_p6,7.94042745189443e-05,0.01269407983079167,0.995009088300405,-0.02480099219383273,0.024959800742870616,age3_40_to_gt44,Age 40 to >44,ln_parados
7,memo_bevent_p7,0.00431190563671711,0.012382132741984592,0.7276628772959393,-0.01995707453757269,0.02858088581100691,age3_40_to_gt44,Age 40 to >44,ln_parados
8,memo_bevent_p8,0.01343456812335305,0.012493454396338565,0.28222766110758846,-0.011052602493470539,0.03792173874017664,age3_40_to_gt44,Age 40 to >44,ln_parados
9,memo_bevent_p9,0.021119293474580404,0.012487507623902517,0.09079218079323836,-0.0033562214682685276,0.045594808417429335,age3_40_to_gt44,Age 40 to >44,ln_parados
10,memo_bevent_p10,0.034798323359306514,0.013693066918699499,0.011043805697299458,0.007959912198655498,0.061636734519957534,age3_40_to_gt44,Age 40 to >44,ln_parados
11,memo_bevent_p11,0.03961051880593889,0.013973993926943321,0.004588478464187862,0.012221490709129982,0.0669995469027478,age3_40_to_gt44,Age 40 to >44,ln_parados
12,memo_bevent_p12,0.027588780472681936,0.01595019667929785,0.08368696765533645,-0.0036736050187418517,0.05885116596410572,age3_40_to_gt44,Age 40 to >44,ln_parados
13,memo_bevent_p13,0.020028311325912904,0.017385007671716857,0.24930257831386227,-0.014046303710652134,0.054102926362477946,age3_40_to_gt44,Age 40 to >44,ln_parados
14,memo_bevent_p14,0.009073546607510734,0.02222035564285985,0.6830212162287062,-0.034478350452494574,0.052625443667516036,age3_40_to_gt44,Age 40 to >44,ln_parados
15,memo_bevent_p15,0.014552802619322265,0.02197721183340928,0.507857838706157,-0.028522532574159924,0.05762813781280445,age3_40_to_gt44,Age 40 to >44,ln_parados
16,memo_bevent_p16,0.008146090127262494,0.022867563292743146,0.7216690454816095,-0.03667433392651407,0.05296651418103906,age3_40_to_gt44,Age 40 to >44,ln_parados
17,memo_bevent_p17,0.009660737217234852,0.01970344841812072,0.6239167270343762,-0.02895802168228176,0.04827949611675146,age3_40_to_gt44,Age 40 to >44,ln_parados
18,memo_bevent_p18,0.013945618113786052,0.02041976313536904,0.49464026723292376,-0.026077117631537264,0.053968353859109364,age3_40_to_gt44,Age 40 to >44,ln_parados
19,memo_bevent_p19,0.02874694724380129,0.022267126655398276,0.19670232688084033,-0.01489662100077933,0.0723905154883819,age3_40_to_gt44,Age 40 to >44,ln_parados
21,memo_bevent_p21,0.030818658890896983,0.02126629977160957,0.14728781248103262,-0.010863288661457773,0.07250060644325174,age3_40_to_gt44,Age 40 to >44,ln_parados
22,memo_bevent_p22,0.045972676672261174,0.021269944079647222,0.03066510893687946,0.0042835862761526206,0.08766176706836973,age3_40_to_gt44,Age 40 to >44,ln_parados
23,memo_bevent_p23,0.05478697766510408,0.022391165628773257,0.014412590699838246,0.010900293032708494,0.09867366229749966,age3_40_to_gt44,Age 40 to >44,ln_parados
24,memo_bevent_p24,0.04520447357350162,0.02333431653535732,0.052714430393208556,-0.0005307868357987203,0.09093973398280197,age3_40_to_gt44,Age 40 to >44,ln_parados
25,memo_bevent_p25,0.03933668946347486,0.024986912717073647,0.11542002621676906,-0.009637659461989488,0.0883110383889392,age3_40_to_gt44,Age 40 to >44,ln_parados
26,memo_bevent_p26,0.0427089251388991,0.025202218203302505,0.0901419409664348,-0.006687422539573808,0.09210527281737202,age3_40_to_gt44,Age 40 to >44,ln_parados
27,memo_bevent_p27,0.034860725163824,0.025793160550709807,0.1765195749247792,-0.01569386951556722,0.08541531984321521,age3_40_to_gt44,Age 40 to >44,ln_parados
28,memo_bevent_p28,0.03755045875119451,0.026415267960848775,0.1551587477760472,-0.014223466452069088,0.0893243839544581,age3_40_to_gt44,Age 40 to >44,ln_parados
29,memo_bevent_p29,0.05414021491547487,0.026020135325884614,0.03746095401231275,0.0031407496767410226,0.10513968015420871,age3_40_to_gt44,Age 40 to >44,ln_parados
30,memo_bevent_p30,0.05495374881985097,0.026571526051008532,0.03862646076414933,0.0028735577598742457,0.10703393987982769,age3_40_to_gt44,Age 40 to >44,ln_parados
31,memo_bevent_p31,0.06318171809402288,0.02657044843509561,0.017411815848650036,0.011103639161235489,0.11525979702681027,age3_40_to_gt44,Age 40 to >44,ln_parados
32,memo_bevent_p32,0.07318050591187895,0.02736836872038835,0.007497296829731548,0.01953850321991779,0.12682250860384012,age3_40_to_gt44,Age 40 to >44,ln_parados
33,memo_bevent_p33,0.08267804985323379,0.027523041539889635,0.0026649245944259103,0.028732888435050112,0.13662321127141747,age3_40_to_gt44,Age 40 to >44,ln_parados
34,memo_bevent_p34,0.09363668208880796,0.027652570034360228,0.0007087192263268705,0.03943764482146191,0.147835719356154,age3_40_to_gt44,Age 40 to >44,ln_parados
35,memo_bevent_p35,0.10226660951492383,0.027748748541469564,0.00022829941119106856,0.04787906237364349,0.1566541566562042,age3_40_to_gt44,Age 40 to >44,ln_parados
36,memo_bevent_p36,0.10008342599943747,0.02853881353892571,0.0004533200405061333,0.04414735146314308,0.15601950053573185,age3_40_to_gt44,Age 40 to >44,ln_parados
37,memo_bevent_p37,0.09102038384572794,0.02953459386940212,0.002057372928184753,0.03313257986169978,0.1489081878297561,age3_40_to_gt44,Age 40 to >44,ln_parados
38,memo_bevent_p38,0.09058977794811317,0.03089577249892251,0.003366683740533727,0.03003406385022505,0.15114549204600128,age3_40_to_gt44,Age 40 to >44,ln_parados
39,memo_bevent_p39,0.07485977960378279,0.030174553825776107,0.013105443464510591,0.015717654105261623,0.13400190510230395,age3_40_to_gt44,Age 40 to >44,ln_parados
40,memo_bevent_p40,0.0804769628112293,0.03125535139334714,0.010029171836147821,0.019216474080268914,0.1417374515421897,age3_40_to_gt44,Age 40 to >44,ln_parados
41,memo_bevent_p41,0.08900507661998697,0.031662480261553015,0.004937884408555027,0.02694661530734306,0.1510635379326309,age3_40_to_gt44,Age 40 to >44,ln_parados
42,memo_bevent_p42,0.10156447753702878,0.03339776255634813,0.0023574971388080623,0.03610486292658645,0.1670240921474711,age3_40_to_gt44,Age 40 to >44,ln_parados
-20,memo_bevent_m20,-0.029531880018589002,0.024199530252202565,0.22233248489183266,-0.07696295931290603,0.01789919927572802,gender_hombre,Men,ln_parados
-19,memo_bevent_m19,-0.024682665391526,0.022745370477694593,0.2778449725542851,-0.0692635915278074,0.019898260744755404,gender_hombre,Men,ln_parados
-18,memo_bevent_m18,-0.014788639654055552,0.021045750435713908,0.48224892304372236,-0.05603831050805481,0.026461031199943703,gender_hombre,Men,ln_parados
-17,memo_bevent_m17,-0.022349707529752072,0.02101145911718939,0.28746853962402863,-0.06353216739944328,0.018832752339939134,gender_hombre,Men,ln_parados
-16,memo_bevent_m16,-0.026529803312495964,0.0216643051186039,0.2207312703941975,-0.06899184134495961,0.01593223471996768,gender_hombre,Men,ln_parados
-15,memo_bevent_m15,-0.016405265928172624,0.018892742571828578,0.38520991534717375,-0.05343504136895664,0.02062450951261139,gender_hombre,Men,ln_parados
-14,memo_bevent_m14,0.01228330014489315,0.015647969831127838,0.43246691409420435,-0.01838672072411741,0.042953321013903714,gender_hombre,Men,ln_parados
-13,memo_bevent_m13,0.007909892797797968,0.015609383468019872,0.6123375383218099,-0.02268449879952098,0.03850428439511692,gender_hombre,Men,ln_parados
-12,memo_bevent_m12,0.0017919179412667074,0.01686129501811563,0.915364928004424,-0.031256220294239925,0.03484005617677334,gender_hombre,Men,ln_parados
-11,memo_bevent_m11,-0.015772477744419283,0.016066278300874388,0.3262411525210043,-0.047262383214133084,0.015717427725294518,gender_hombre,Men,ln_parados
-10,memo_bevent_m10,-0.0172876538591617,0.017208179728838462,0.31508063735291736,-0.05101568612768508,0.016440378409361682,gender_hombre,Men,ln_parados
-9,memo_bevent_m9,-0.03114003670438048,0.016326397616376217,0.05647621313554829,-0.06313977603247786,0.0008597026237169014,gender_hombre,Men,ln_parados
-8,memo_bevent_m8,-0.023208352283139805,0.017362661589164448,0.1813265527174326,-0.05723916899790212,0.010822464431622512,gender_hombre,Men,ln_parados
-7,memo_bevent_m7,-0.02744682409036664,0.016491326901049836,0.09604875320929707,-0.059769824816424316,0.004876176635691037,gender_hombre,Men,ln_parados
-6,memo_bevent_m6,-0.03122019168191917,0.015487007436287881,0.04381088346097384,-0.06157472625704341,-0.0008656571067949224,gender_hombre,Men,ln_parados
-5,memo_bevent_m5,-0.04529964442336781,0.014445235799928353,0.0017129407035816335,-0.07361230659122739,-0.01698698225550824,gender_hombre,Men,ln_parados
-4,memo_bevent_m4,-0.049884020312293775,0.013897469536540315,0.0003313994041578283,-0.07712306060391279,-0.02264498002067476,gender_hombre,Men,ln_parados
-3,memo_bevent_m3,-0.03868687750654651,0.01138164081096491,0.0006761793537475302,-0.06099489349603773,-0.016378861517055286,gender_hombre,Men,ln_parados
-2,memo_bevent_m2,-0.00045648677272319693,0.005858771495259599,0.937895587076989,-0.011939678903432012,0.011026705357985618,gender_hombre,Men,ln_parados
-1,reference,0.0,,,,,gender_hombre,Men,ln_parados
0,memo_bevent_0,0.002707273081440309,0.010252984324628883,0.791743452491513,-0.0173885761948323,0.022803122357712917,gender_hombre,Men,ln_parados
1,memo_bevent_p1,0.002271563185187342,0.0136016144906093,0.8673646362997645,-0.024387601216406884,0.028930727586781568,gender_hombre,Men,ln_parados
2,memo_bevent_p2,0.0014827117243721155,0.01538112568424851,0.9232043787439594,-0.028664294616754963,0.03162971806549919,gender_hombre,Men,ln_parados
3,memo_bevent_p3,0.003189096693450383,0.014218528452372446,0.8225304011583052,-0.024679219073199612,0.031057412460100377,gender_hombre,Men,ln_parados
4,memo_bevent_p4,-0.0011336857710637083,0.014967207947098864,0.9396222607512061,-0.03046941334737748,0.028202041805250065,gender_hombre,Men,ln_parados
5,memo_bevent_p5,0.0026844308854679644,0.01704211744931016,0.8748370563462577,-0.030718119315179954,0.03608698108611588,gender_hombre,Men,ln_parados
6,memo_bevent_p6,0.006342223270014824,0.018951619304324003,0.7378865803070285,-0.03080295056646022,0.04348739710648987,gender_hombre,Men,ln_parados
7,memo_bevent_p7,0.006566497073356076,0.018809455467810425,0.7270096000580302,-0.03030003564355236,0.04343302979026451,gender_hombre,Men,ln_parados
8,memo_bevent_p8,0.010265463388832247,0.01892766334524307,0.5875757733583493,-0.02683275676784417,0.04736368354550866,gender_hombre,Men,ln_parados
9,memo_bevent_p9,0.025192025596396106,0.020754192645766674,0.2248133114971531,-0.015486191989306577,0.06587024318209879,gender_hombre,Men,ln_parados
10,memo_bevent_p10,0.053186108251663894,0.018372672786291594,0.003793413037280091,0.01717566959053237,0.08919654691279541,gender_hombre,Men,ln_parados
11,memo_bevent_p11,0.053373494796358556,0.018385631859668843,0.00369606283553936,0.017337656351407625,0.08940933324130948,gender_hombre,Men,ln_parados
12,memo_bevent_p12,0.05301478657452613,0.02037816455227009,0.009280389993390203,0.013073584052076752,0.0929559890969755,gender_hombre,Men,ln_parados
13,memo_bevent_p13,0.034802199050356974,0.024765765900640856,0.1599456722265884,-0.013738702114899103,0.08334310021561306,gender_hombre,Men,ln_parados
14,memo_bevent_p14,0.04305887736111452,0.02448194159431856,0.07861121770596746,-0.004925728163749851,0.0910434828859789,gender_hombre,Men,ln_parados
15,memo_bevent_p15,0.04368565920827555,0.023069022740161493,0.058265700031569834,-0.0015296253624409728,0.08890094377899208,gender_hombre,Men,ln_parados
16,memo_bevent_p16,0.033934003221691544,0.023548538765394138,0.14957797823167218,-0.012221132758480968,0.08008913920186406,gender_hombre,Men,ln_parados
17,memo_bevent_p17,0.03849220780949361,0.025615734940586554,0.13292203347907017,-0.011714632674056036,0.08869904829304326,gender_hombre,Men,ln_parados
18,memo_bevent_p18,0.03758887386437823,0.026747592152642524,0.15992672532636476,-0.014836406754801114,0.09001415448355757,gender_hombre,Men,ln_parados
19,memo_bevent_p19,0.049971116087042494,0.027325969135561488,0.06744392439460478,-0.003587783418658022,0.10353001559274301,gender_hombre,Men,ln_parados
20,memo_bevent_p20,0.056834336035572586,0.027097494738707692,0.03595801602865989,0.0037232463477055097,0.10994542572343965,gender_hombre,Men,ln_parados
21,memo_bevent_p21,0.05640077277027611,0.025442623860719916,0.026637932566702105,0.00653323000326507,0.10626831553728715,gender_hombre,Men,ln_parados
22,memo_bevent_p22,0.07567486263662682,0.02695036506106858,0.004986035091734786,0.022852147116932398,0.12849757815632123,gender_hombre,Men,ln_parados
23,memo_bevent_p23,0.08929485744494774,0.02685126136940275,0.0008824845412458426,0.03666638516091835,0.14192332972897712,gender_hombre,Men,ln_parados
24,memo_bevent_p24,0.08150659153994932,0.029072928047928163,0.005054779352451355,0.024523652566010128,0.13848953051388851,gender_hombre,Men,ln_parados
25,memo_bevent_p25,0.07554067724765068,0.0315328721521298,0.016592428346777766,0.013736247829476272,0.13734510666582508,gender_hombre,Men,ln_parados
26,memo_bevent_p26,0.07822391965096279,0.03090104522847052,0.011359758035022871,0.017657871003160568,0.138789968298765,gender_hombre,Men,ln_parados
27,memo_bevent_p27,0.07601117870085447,0.029641450272774084,0.01033679858270009,0.017913936166217267,0.13410842123549166,gender_hombre,Men,ln_parados
28,memo_bevent_p28,0.07466555111137677,0.030003462910918134,0.012825998837914021,0.01585876380597722,0.1334723384167763,gender_hombre,Men,ln_parados
29,memo_bevent_p29,0.09733518820184757,0.03124784820215326,0.0018398201199787412,0.03608940572562718,0.15858097067806795,gender_hombre,Men,ln_parados
30,memo_bevent_p30,0.08916251562595683,0.03202275450132443,0.005363533398698772,0.026397916803360955,0.1519271144485527,gender_hombre,Men,ln_parados
31,memo_bevent_p31,0.08984717360305677,0.03308068670673103,0.006607574605615785,0.025009027657863947,0.1546853195482496,gender_hombre,Men,ln_parados
32,memo_bevent_p32,0.09776166223792608,0.03439386126851349,0.004477302516912918,0.030349694151639642,0.1651736303242125,gender_hombre,Men,ln_parados
33,memo_bevent_p33,0.11811649827265636,0.03319634885722218,0.0003735227211674186,0.05305165451250088,0.18318134203281183,gender_hombre,Men,ln_parados
34,memo_bevent_p34,0.13819897855206073,0.03255943189353832,2.1906726959342038e-05,0.07438249204072563,0.20201546506339585,gender_hombre,Men,ln_parados
35,memo_bevent_p35,0.13457599450506627,0.03322579956914729,5.114189103361255e-05,0.06945342734953758,0.19969856166059496,gender_hombre,Men,ln_parados
36,memo_bevent_p36,0.1410776950215425,0.03369723651785821,2.8313295335369304e-05,0.0750311114465404,0.2071242785965446,gender_hombre,Men,ln_parados
37,memo_bevent_p37,0.12460528063230147,0.035630076432376034,0.00047018021456324277,0.05477033082484445,0.1944402304397585,gender_hombre,Men,ln_parados
38,memo_bevent_p38,0.1272243084070358,0.03488685447627511,0.0002655581886255032,0.05884607363353658,0.19560254318053502,gender_hombre,Men,ln_parados
39,memo_bevent_p39,0.1132877392622329,0.03425321143242069,0.0009417940224822896,0.04615144485468835,0.18042403366977744,gender_hombre,Men,ln_parados
40,memo_bevent_p40,0.1147366820226514,0.03574289304986693,0.0013270919603081133,0.04468061164491223,0.18479275240039056,gender_hombre,Men,ln_parados
41,memo_bevent_p41,0.13155046766214906,0.03633479753938829,0.00029402383000931565,0.06033426448494801,0.20276667083935013,gender_hombre,Men,ln_parados
42,memo_bevent_p42,0.14729097534911578,0.03621011944287106,4.7484670704589504e-05,0.0763191412410885,0.21826280945714305,gender_hombre,Men,ln_parados
-20,memo_bevent_m20,-0.02859389128060133,0.0239231652740986,0.23199380971517614,-0.07548329521783459,0.01829551265663193,gender_mujer,Women,ln_parados
-19,memo_bevent_m19,-0.039771853915694405,0.02450273869883685,0.10455530585029837,-0.08779722176541463,0.008253513934025819,gender_mujer,Women,ln_parados
-18,memo_bevent_m18,-0.028519836386122044,0.02397765996302848,0.23426905307227885,-0.07551604991365786,0.018476377141413772,gender_mujer,Women,ln_parados
-17,memo_bevent_m17,-0.04863741411711103,0.023012120032256656,0.03455317104240874,-0.09374116938033408,-0.00353365885388799,gender_mujer,Women,ln_parados
-16,memo_bevent_m16,-0.0487987899330089,0.022318844836737687,0.028783512289019653,-0.09254372581301476,-0.005053854053003036,gender_mujer,Women,ln_parados
-15,memo_bevent_m15,-0.028429649540832908,0.022146718900447296,0.19924842239806484,-0.0718372185857096,0.014977919504043792,gender_mujer,Women,ln_parados
-14,memo_bevent_m14,-0.00800749732185041,0.019975833263008665,0.6885237614060746,-0.047160130517347396,0.031145135873646576,gender_mujer,Women,ln_parados
-13,memo_bevent_m13,0.0030394330423938742,0.019905122314067523,0.8786379960747803,-0.03597460669317847,0.04205347277796622,gender_mujer,Women,ln_parados
-12,memo_bevent_m12,-0.018983204267280646,0.02022203874373618,0.347865073448101,-0.058618400205003564,0.020651991670442273,gender_mujer,Women,ln_parados
-11,memo_bevent_m11,-0.019269997152902008,0.019918553980443284,0.33332434046641346,-0.058310362954570844,0.01977036864876683,gender_mujer,Women,ln_parados
-10,memo_bevent_m10,-0.02923556591620649,0.01889994055397553,0.12189695889017527,-0.06627944940199854,0.0078083175695855475,gender_mujer,Women,ln_parados
-9,memo_bevent_m9,-0.03942112589074806,0.017172237617371248,0.021696972465092834,-0.07307871162079571,-0.005763540160700416,gender_mujer,Women,ln_parados
-8,memo_bevent_m8,-0.03097897042025144,0.017882974594861954,0.08321724108169781,-0.06602960062618088,0.004071659785677993,gender_mujer,Women,ln_parados
-7,memo_bevent_m7,-0.03932620571477133,0.017415338266115004,0.023937169576323747,-0.07346026871635673,-0.005192142713185924,gender_mujer,Women,ln_parados
-6,memo_bevent_m6,-0.03308527118297558,0.01724381125404935,0.05502546538072539,-0.0668831412409123,0.000712598874961147,gender_mujer,Women,ln_parados
-5,memo_bevent_m5,-0.04944847157281437,0.015649620572330505,0.0015791900790593782,-0.08012172789458216,-0.018775215251046584,gender_mujer,Women,ln_parados
-4,memo_bevent_m4,-0.05294531857963608,0.01617227091906694,0.0010609919420632163,-0.08464296958100728,-0.02124766757826488,gender_mujer,Women,ln_parados
-3,memo_bevent_m3,-0.05028953757168325,0.014100449936454021,0.00036175312854536124,-0.07792641944713313,-0.02265265569623337,gender_mujer,Women,ln_parados
-2,memo_bevent_m2,-0.025464569551383515,0.009756971147659213,0.009057274865155174,-0.04458823300079557,-0.006340906101971459,gender_mujer,Women,ln_parados
-1,reference,0.0,,,,,gender_mujer,Women,ln_parados
0,memo_bevent_0,-0.028545364336878043,0.011879291373395955,0.016263331832054195,-0.05182877542873411,-0.005261953245021971,gender_mujer,Women,ln_parados
1,memo_bevent_p1,-0.033472634329908074,0.015107981799615856,0.026721677312501413,-0.06308427865715516,-0.003860990002660998,gender_mujer,Women,ln_parados
2,memo_bevent_p2,-0.03212109668733126,0.016577471296013804,0.052667709624380166,-0.06461294042751832,0.0003707470528557938,gender_mujer,Women,ln_parados
3,memo_bevent_p3,-0.024355289651755374,0.017134552680639334,0.15519649669123048,-0.05793901290580847,0.00922843360229772,gender_mujer,Women,ln_parados
4,memo_bevent_p4,-0.03089372525399503,0.01990430837153782,0.12063531445425624,-0.06990616966220917,0.0081187191542191,gender_mujer,Women,ln_parados
5,memo_bevent_p5,-0.0256097233608516,0.020491514729945134,0.2113828112761298,-0.06577309223154407,0.014553645509840861,gender_mujer,Women,ln_parados
6,memo_bevent_p6,-0.017117188605218103,0.020449854930737137,0.40257442626171724,-0.05719890426946289,0.022964527059026685,gender_mujer,Women,ln_parados
7,memo_bevent_p7,0.0015119513424757258,0.019950883455264076,0.939591201253539,-0.03759178022984186,0.04061568291479331,gender_mujer,Women,ln_parados
8,memo_bevent_p8,0.0027892567813189995,0.020613184937915266,0.8923634525293911,-0.037612585696994924,0.04319109925963292,gender_mujer,Women,ln_parados
9,memo_bevent_p9,0.0013017072572220623,0.01947032104203743,0.9466963630597593,-0.0368601219851713,0.039463536499615426,gender_mujer,Women,ln_parados
10,memo_bevent_p10,0.022024195766099514,0.01826445544361355,0.22787528669493518,-0.013774136903383048,0.057822528435582075,gender_mujer,Women,ln_parados
11,memo_bevent_p11,0.03888537711412435,0.01748575446791592,0.026159761919499758,0.004613298357009146,0.07315745587123955,gender_mujer,Women,ln_parados
12,memo_bevent_p12,0.026369130566711238,0.020056613916720863,0.18859900840794852,-0.012941832710061656,0.06568009384348414,gender_mujer,Women,ln_parados
13,memo_bevent_p13,0.030617555311540423,0.02224987127724291,0.16879752840660545,-0.01299219239185568,0.07422730301493652,gender_mujer,Women,ln_parados
14,memo_bevent_p14,0.035380470502577394,0.022630131267168178,0.11795310486674859,-0.008974586781072234,0.07973552778622703,gender_mujer,Women,ln_parados
15,memo_bevent_p15,0.03790925946143106,0.02285127837668433,0.0971247110405864,-0.006879246156870224,0.08269776507973234,gender_mujer,Women,ln_parados
16,memo_bevent_p16,0.03749016934732506,0.02378575630429472,0.11498882106940012,-0.009129913009092591,0.08411025170374271,gender_mujer,Women,ln_parados
17,memo_bevent_p17,0.023176590768036187,0.025466221999268727,0.36277428609057294,-0.026737204350530515,0.07309038588660288,gender_mujer,Women,ln_parados
18,memo_bevent_p18,0.03468163795917187,0.025496408824967676,0.17374899047082937,-0.015291323337764777,0.08465459925610852,gender_mujer,Women,ln_parados
19,memo_bevent_p19,0.031429249756801086,0.027006984890122963,0.2445272751260874,-0.02150444062783992,0.08436294014144209,gender_mujer,Women,ln_parados
20,memo_bevent_p20,0.025088264838582758,0.02869488024657187,0.3819486183915042,-0.031153700444698104,0.08133023012186362,gender_mujer,Women,ln_parados
21,memo_bevent_p21,0.03337664956592605,0.02694102386393648,0.21539057486192004,-0.01942775720738945,0.08618105633924156,gender_mujer,Women,ln_parados
22,memo_bevent_p22,0.04762792250998696,0.0272144634922803,0.08010175741782621,-0.0057124259348824286,0.10096827095485635,gender_mujer,Women,ln_parados
23,memo_bevent_p23,0.05830385878677263,0.026732980539708382,0.029185551870803073,0.005907216928944206,0.11070050064460106,gender_mujer,Women,ln_parados
24,memo_bevent_p24,0.03676440432378607,0.02978499234631475,0.21708127796186139,-0.021614180674990845,0.09514298932256299,gender_mujer,Women,ln_parados
25,memo_bevent_p25,0.04160174862874917,0.030836521798963148,0.17730279584003172,-0.0188378340972186,0.10204133135471694,gender_mujer,Women,ln_parados
26,memo_bevent_p26,0.045093977302118046,0.030598379032681273,0.14055229354673537,-0.014878845601937245,0.10506680020617334,gender_mujer,Women,ln_parados
27,memo_bevent_p27,0.038026961116519625,0.030156640257868482,0.20731556453355937,-0.021080053788902597,0.09713397602194185,gender_mujer,Women,ln_parados
28,memo_bevent_p28,0.03912683672300203,0.031686572226256635,0.2169019241240282,-0.02297884484046097,0.10123251828646504,gender_mujer,Women,ln_parados
29,memo_bevent_p29,0.04834043429168797,0.03203666412556092,0.13132185237116478,-0.014451427394411437,0.11113229597778737,gender_mujer,Women,ln_parados
30,memo_bevent_p30,0.05865978859431742,0.033772134086367527,0.08239975872071037,-0.007533594214962927,0.12485317140359777,gender_mujer,Women,ln_parados
31,memo_bevent_p31,0.06708577594430691,0.03434311191490372,0.05077241919993769,-0.0002267234089043807,0.1343982752975182,gender_mujer,Women,ln_parados
32,memo_bevent_p32,0.06110584833726038,0.035133046210839076,0.08198730640279939,-0.007754922235984216,0.12996661891050498,gender_mujer,Women,ln_parados
33,memo_bevent_p33,0.0730045209677642,0.03369271704052799,0.030252050811012676,0.006966795568329354,0.13904224636719906,gender_mujer,Women,ln_parados
34,memo_bevent_p34,0.08788271195921736,0.03231259914517457,0.006532810703656633,0.02455001763467521,0.1512154062837595,gender_mujer,Women,ln_parados
35,memo_bevent_p35,0.08890895662838112,0.032574457906382415,0.0063448323667116835,0.02506301913187159,0.15275489412489066,gender_mujer,Women,ln_parados
36,memo_bevent_p36,0.08753907923243517,0.0343589340441714,0.010841014323995868,0.020195568505859227,0.1548825899590111,gender_mujer,Women,ln_parados
37,memo_bevent_p37,0.08029542548756181,0.03637586326042214,0.02728738342797521,0.008998733497134426,0.1515921174779892,gender_mujer,Women,ln_parados
38,memo_bevent_p38,0.08133805200394595,0.03628151339631107,0.024970460477755863,0.010226285747176253,0.15244981826071563,gender_mujer,Women,ln_parados
39,memo_bevent_p39,0.07967552031220301,0.0354975352201952,0.024797890806723233,0.010100351280620423,0.1492506893437856,gender_mujer,Women,ln_parados
40,memo_bevent_p40,0.08394177418281765,0.038046476576583936,0.02736330868548653,0.009370680092713135,0.15851286827292216,gender_mujer,Women,ln_parados
41,memo_bevent_p41,0.07910587127626689,0.03866935639805599,0.040785974947866954,0.0033139327360771492,0.15489780981645662,gender_mujer,Women,ln_parados
42,memo_bevent_p42,0.09556252353192313,0.03930818940526865,0.015052653136511163,0.018518472297596567,0.1726065747662497,gender_mujer,Women,ln_parados
