category,period,period_date,exposure_group,ln_parados,ln_contratos,ln_parados_contratos
18-24,2021-01,2021-01-01,high,4.225648463814815,3.7487601006229245,0.5696942011914691
18-24,2021-01,2021-01-01,middle,3.907931190183644,3.9081722494464604,0.2116574248007091
18-24,2021-01,2021-01-01,zero,3.909597818186337,4.012958467715972,-0.037165503967620916
18-24,2021-02,2021-02-01,high,4.226451465526515,3.6946829172969236,0.643104366572772
18-24,2021-02,2021-02-01,middle,3.9473902055715806,3.8542276624990204,0.19282976690683604
18-24,2021-02,2021-02-01,zero,3.8782887754724515,3.966316253657611,-0.028615089429902256
18-24,2021-03,2021-03-01,high,4.18266325423385,3.8680005441707594,0.47405739510261774
18-24,2021-03,2021-03-01,middle,3.8787112963160335,3.9902830292403038,-0.006813530955409407
18-24,2021-03,2021-03-01,zero,3.880895333842837,4.084207091287192,-0.20228639180888
18-24,2021-04,2021-04-01,high,4.121240571589399,3.8466949208519003,0.4026581151424918
18-24,2021-04,2021-04-01,middle,3.802403546340326,3.8614028837804475,0.07215700130190701
18-24,2021-04,2021-04-01,zero,3.8990101083688566,4.160794584673761,-0.2369867169031509
18-24,2021-05,2021-05-01,high,3.9772711739199575,3.8799425198450628,0.15322884318240362
18-24,2021-05,2021-05-01,middle,3.6000388953174216,3.983618716795618,-0.29701144499698734
18-24,2021-05,2021-05-01,zero,3.77695072318626,4.173650366116774,-0.4130118601502836
18-24,2021-06,2021-06-01,high,3.9645486316081344,4.206329262868358,-0.2860461888955933
18-24,2021-06,2021-06-01,middle,3.7053280008442773,4.288337919853392,-0.635174662344937
18-24,2021-06,2021-06-01,zero,3.723608160746612,4.4342371584820865,-0.78230367033601
18-24,2021-07,2021-07-01,high,3.9177562187879675,4.109490763117496,-0.3664056828096389
18-24,2021-07,2021-07-01,middle,3.6645116266996576,4.425800037704031,-0.8195496349780225
18-24,2021-07,2021-07-01,zero,3.582301587068255,4.617555310408478,-1.0700331521139717
18-24,2021-08,2021-08-01,high,3.875726713711594,3.794332456527263,0.16907365225553345
18-24,2021-08,2021-08-01,middle,3.6703750318917576,4.157554958177393,-0.42947821013833154
18-24,2021-08,2021-08-01,zero,3.5209744438888566,4.226849749025175,-0.675774672897291
18-24,2021-09,2021-09-01,high,3.9442603421499465,4.302517227857184,-0.42563024088546275
18-24,2021-09,2021-09-01,middle,3.728716470355521,4.345410399877679,-0.7598812697447314
18-24,2021-09,2021-09-01,zero,3.567377842831025,4.499627739879804,-0.9195633515247967
18-24,2021-10,2021-10-01,high,3.9837745274516476,4.304523773374549,-0.26174061606965027
18-24,2021-10,2021-10-01,middle,3.6325106095900463,4.329075190415304,-0.6983145018775367
18-24,2021-10,2021-10-01,zero,3.6198436926213176,4.342816517043604,-0.7481406547789594
18-24,2021-11,2021-11-01,high,3.873228845318321,4.143453987789227,-0.23160687489173556
18-24,2021-11,2021-11-01,middle,3.635589875050222,4.2969273983276794,-0.6679936033493629
18-24,2021-11,2021-11-01,zero,3.566180509892231,4.382398561145594,-0.8143882758570491
18-24,2021-12,2021-12-01,high,3.8092598938343083,3.9800351173067527,-0.20970929509840947
18-24,2021-12,2021-12-01,middle,3.5773506302618765,4.102444724077322,-0.5445215692324686
18-24,2021-12,2021-12-01,zero,3.5208320370927084,4.205910531740382,-0.6494853073653607
18-24,2022-01,2022-01-01,high,3.783473690882177,3.9507008409663076,-0.15445133205600486
18-24,2022-01,2022-01-01,middle,3.5803919167295755,4.3105144704837075,-0.6624673914142941
18-24,2022-01,2022-01-01,zero,3.483675582285887,4.17822442790104,-0.6789178479088528
18-24,2022-02,2022-02-01,high,3.7784472704063656,4.0262657306491825,-0.2150672410560029
18-24,2022-02,2022-02-01,middle,3.6471263510624743,3.959605816851786,-0.5628785652487502
18-24,2022-02,2022-02-01,zero,3.477134204236975,4.236456988267109,-0.7209646219936375
18-24,2022-03,2022-03-01,high,3.812669578787945,4.188586062635494,-0.37838390199845373
18-24,2022-03,2022-03-01,middle,3.62674485013309,4.226632233808858,-0.7812519030402806
18-24,2022-03,2022-03-01,zero,3.588482479584362,4.3363490868914285,-0.8251763937757728
18-24,2022-04,2022-04-01,high,3.7929043586088276,3.9726483231695395,-0.21551819538085817
18-24,2022-04,2022-04-01,middle,3.4103928583949186,4.064178014716072,-0.6440793519666868
18-24,2022-04,2022-04-01,zero,3.6031849722586835,4.093484289306518,-0.6069847124957107
18-24,2022-05,2022-05-01,high,3.5005072381673115,4.172109314608524,-0.6114524477929645
18-24,2022-05,2022-05-01,middle,3.2428016174347616,4.215534494505903,-1.0951823174419302
18-24,2022-05,2022-05-01,zero,3.4736251931193163,4.333380918614864,-0.9854154169142693
18-24,2022-06,2022-06-01,high,3.6345359110419104,4.3245079130851956,-0.7702680054523964
18-24,2022-06,2022-06-01,middle,3.4094597688387984,4.376361592905284,-1.1032888244803376
18-24,2022-06,2022-06-01,zero,3.4993267335088816,4.48948446826443,-1.131761539536
18-24,2022-07,2022-07-01,high,3.562880457948865,4.283929499073362,-0.8976016020745454
18-24,2022-07,2022-07-01,middle,3.2581004047189634,4.353408019172549,-1.2823492360924997
18-24,2022-07,2022-07-01,zero,3.369826896832921,4.515430374894535,-1.2798043043300489
18-24,2022-08,2022-08-01,high,3.6009799329367724,3.8546730208759716,-0.34350557431700507
18-24,2022-08,2022-08-01,middle,3.440169240662905,3.9777288177174386,-0.674455453152754
18-24,2022-08,2022-08-01,zero,3.503994349353518,4.210643684838468,-0.7959652945741077
18-24,2022-09,2022-09-01,high,3.800179850381031,4.316853880431957,-0.7490569989970939
18-24,2022-09,2022-09-01,middle,3.343130100484566,4.354724972972176,-1.1596795463712641
18-24,2022-09,2022-09-01,zero,3.505997842425749,4.369440587275708,-0.9823752768777338
18-24,2022-10,2022-10-01,high,3.740979088439844,4.25425886525748,-0.5076322425312687
18-24,2022-10,2022-10-01,middle,3.4556032260352763,4.310116925769113,-0.8681498795195587
18-24,2022-10,2022-10-01,zero,3.5237669149630304,4.246826173667595,-0.7828061602694778
18-24,2022-11,2022-11-01,high,3.7043953471610163,4.109166952563308,-0.34776852363169314
18-24,2022-11,2022-11-01,middle,3.491012990518375,4.0530780452223585,-0.659240091448063
18-24,2022-11,2022-11-01,zero,3.474379548824226,4.187165459718456,-0.7064049952765755
18-24,2022-12,2022-12-01,high,3.7651902835202806,3.9064373994423995,-0.10617189970237337
18-24,2022-12,2022-12-01,middle,3.486627332502447,3.8550850324333243,-0.47829850794125
18-24,2022-12,2022-12-01,zero,3.4394651152087774,4.055877127209778,-0.5000728466686526
18-24,2023-01,2023-01-01,high,3.724486673808054,4.06628665823892,-0.2934341124592794
18-24,2023-01,2023-01-01,middle,3.572987964695522,3.9973190511791903,-0.5640707019575886
18-24,2023-01,2023-01-01,zero,3.503846723146449,4.0192278807961825,-0.5215026299477822
18-24,2023-02,2023-02-01,high,3.839027299736271,3.957584518541539,-0.18317016750829904
18-24,2023-02,2023-02-01,middle,3.542132429193229,4.093804224139006,-0.5342473004545792
18-24,2023-02,2023-02-01,zero,3.5312689732286375,4.056378263952186,-0.4850359871487094
18-24,2023-03,2023-03-01,high,3.7654695106993006,4.09890280293913,-0.3104896326357108
18-24,2023-03,2023-03-01,middle,3.652462549669471,4.089943999277171,-0.6599521043331655
18-24,2023-03,2023-03-01,zero,3.5183694967953025,4.189536425291983,-0.6311924248363506
18-24,2023-04,2023-04-01,high,3.5949187756253704,3.905341683007631,-0.3238199463218112
18-24,2023-04,2023-04-01,middle,3.4745495034096536,3.872678871902069,-0.710930387423934
18-24,2023-04,2023-04-01,zero,3.422441934878447,4.100061925016269,-0.6789816736089276
18-24,2023-05,2023-05-01,high,3.6149790310870253,4.070045419987682,-0.473898993100183
18-24,2023-05,2023-05-01,middle,3.470940412208312,4.1793340838139,-1.0111804426327033
18-24,2023-05,2023-05-01,zero,3.36561816190525,4.2642547594431335,-0.9347018108202622
18-24,2023-06,2023-06-01,high,3.62503735016864,4.261638756981651,-0.7939270138646126
18-24,2023-06,2023-06-01,middle,3.4312406622886735,4.501618642484888,-1.3558254119475353
18-24,2023-06,2023-06-01,zero,3.301002172818946,4.4631892082357885,-1.1897529124656139
18-24,2023-07,2023-07-01,high,3.7256455467829657,4.188382880648821,-0.6057195981166194
18-24,2023-07,2023-07-01,middle,3.4174768969334703,4.296802787369879,-1.127487258195521
18-24,2023-07,2023-07-01,zero,3.34535695542295,4.529698712856148,-1.1596569944651236
18-24,2023-08,2023-08-01,high,3.8872981097112325,3.8998470221627923,-0.00896581942709672
18-24,2023-08,2023-08-01,middle,3.5737555132746546,4.154857504778032,-0.6472162330133793
18-24,2023-08,2023-08-01,zero,3.4048477412152747,4.06570842420088,-0.6717886076959665
18-24,2023-09,2023-09-01,high,3.966325884928499,4.1981745014667435,-0.3421845671802294
18-24,2023-09,2023-09-01,middle,3.6371029697516972,4.384094572680847,-0.8208930712898754
18-24,2023-09,2023-09-01,zero,3.5406307760174727,4.274734436597831,-0.793797392655008
18-24,2023-10,2023-10-01,high,4.085944743469135,4.228554313239001,-0.2523556547087832
18-24,2023-10,2023-10-01,middle,3.666664944077351,4.3708153058664685,-0.734851264741418
18-24,2023-10,2023-10-01,zero,3.5497116648347835,4.130249455384271,-0.6235495030914149
18-24,2023-11,2023-11-01,high,3.999240965726178,4.146309099370637,-0.19483043294969637
18-24,2023-11,2023-11-01,middle,3.66246691289879,4.098456255943535,-0.499470301895632
18-24,2023-11,2023-11-01,zero,3.5556773399637884,4.1697530662262015,-0.5797864436004057
18-24,2023-12,2023-12-01,high,3.892313227321503,3.869974595773846,0.08120647632718496
18-24,2023-12,2023-12-01,middle,3.6288227760056113,4.021621299397556,-0.3329473298896634
18-24,2023-12,2023-12-01,zero,3.516584903296711,3.8907768747438873,-0.3467233153770459
18-24,2024-01,2024-01-01,high,3.8188297225766923,4.043677877926077,-0.13289494616250255
18-24,2024-01,2024-01-01,middle,3.633035986029003,4.130081040259527,-0.4767619103836765
18-24,2024-01,2024-01-01,zero,3.500956543635125,4.096371560770586,-0.5701706515430223
18-24,2024-02,2024-02-01,high,3.93639527277595,4.034379756244913,-0.0926606499411457
18-24,2024-02,2024-02-01,middle,3.5655134248720883,4.048875997261414,-0.5478071399546829
18-24,2024-02,2024-02-01,zero,3.6022483587260994,4.082332819135489,-0.5108527612468584
18-24,2024-03,2024-03-01,high,3.926467032710026,4.018963854427127,-0.036717475690000854
18-24,2024-03,2024-03-01,middle,3.5663678498887075,3.8857323313681906,-0.4482570704588
18-24,2024-03,2024-03-01,zero,3.5834325933878235,4.026596136373737,-0.46384659638703096
18-24,2024-04,2024-04-01,high,3.799297936895338,4.040114765635713,-0.339359652975014
18-24,2024-04,2024-04-01,middle,3.410205326132656,4.045282720469175,-0.7355374250734669
18-24,2024-04,2024-04-01,zero,3.4859405202482168,4.153896863093316,-0.7153796922085037
18-24,2024-06,2024-06-01,high,3.714643524559573,4.352301023148508,-0.7091219169194348
18-24,2024-06,2024-06-01,middle,3.3649735832103156,4.2242437497431675,-1.1137169344656241
18-24,2024-06,2024-06-01,zero,3.4408461711950946,4.3926579206764425,-1.1020049768138296
18-24,2024-07,2024-07-01,high,3.7446347378445806,4.236301759261659,-0.5734810047391818
18-24,2024-07,2024-07-01,middle,3.412916874549157,4.37800053141459,-1.1444300303087052
18-24,2024-07,2024-07-01,zero,3.4499513554547763,4.564603168541967,-1.1892641387251965
18-24,2024-08,2024-08-01,high,3.841344079023888,3.909696091764951,0.056197617810545525
18-24,2024-08,2024-08-01,middle,3.4161500526656923,3.93310121220542,-0.5516543835103873
18-24,2024-08,2024-08-01,zero,3.4677945539422845,4.081815140809999,-0.5758150365291735
18-24,2024-09,2024-09-01,high,3.9687038884186747,4.485087137716655,-0.3648809620891439
18-24,2024-09,2024-09-01,middle,3.652822536977031,4.457228605551247,-0.8294842448101445
18-24,2024-09,2024-09-01,zero,3.5656737015477695,4.352292962574921,-0.8364983512630718
18-24,2024-10,2024-10-01,high,4.043552015723832,4.350785916058366,-0.2911173862901008
18-24,2024-10,2024-10-01,middle,3.6856996851484496,4.307039819670637,-0.6761777487330642
18-24,2024-10,2024-10-01,zero,3.6070400923413843,4.317211149587079,-0.7454299530723487
18-24,2024-11,2024-11-01,high,3.9803958375429627,4.085747613125189,0.005099644402429448
18-24,2024-11,2024-11-01,middle,3.7357689659741444,4.22415545099758,-0.45711301587563036
18-24,2024-11,2024-11-01,zero,3.5652773700300524,4.100635052785931,-0.5652320540678801
18-24,2024-12,2024-12-01,high,3.914340648588977,3.8843451766433352,0.1390995960459586
18-24,2024-12,2024-12-01,middle,3.5549340228908775,3.9538281471064556,-0.2958547274294425
18-24,2024-12,2024-12-01,zero,3.5183867719921538,3.968188219103669,-0.417549429663072
18-24,2025-01,2025-01-01,high,3.9429825791493047,4.132498116314513,-0.09446500398310169
18-24,2025-01,2025-01-01,middle,3.5206835383664408,4.07803950537844,-0.5473100608415329
18-24,2025-01,2025-01-01,zero,3.5596808008005683,4.16531401061539,-0.5484886647957792
18-24,2025-02,2025-02-01,high,3.9610860707073585,4.08531659395806,-0.01019723460985494
18-24,2025-02,2025-02-01,middle,3.5276262602973656,4.033885646230325,-0.48882228392992644
18-24,2025-02,2025-02-01,zero,3.594320066354013,4.178085255836006,-0.57269916543963
18-24,2025-03,2025-03-01,high,3.9220526767049493,4.069088728504699,-0.10267049631743135
18-24,2025-03,2025-03-01,middle,3.5951424980383013,4.229117283260217,-0.5356151549204086
18-24,2025-03,2025-03-01,zero,3.600686828749961,4.172992369190523,-0.5834504641656307
18-24,2025-04,2025-04-01,high,3.682835645174274,4.037470910881552,-0.2766059338169327
18-24,2025-04,2025-04-01,middle,3.368970123678908,4.07421964365302,-0.6632887495951167
18-24,2025-04,2025-04-01,zero,3.435887439471582,4.128405782968424,-0.6803801495772895
18-24,2025-05,2025-05-01,high,3.701931218755059,4.051412525787619,-0.3497374517669642
18-24,2025-05,2025-05-01,middle,3.324656155686383,4.242039172001286,-0.9626265910013738
18-24,2025-05,2025-05-01,zero,3.460685445492716,4.245006388802846,-0.824230952507002
18-24,2025-06,2025-06-01,high,3.6812790020978547,4.323558948137043,-0.611291035679564
18-24,2025-06,2025-06-01,middle,3.341577321239946,4.434364906760851,-1.1887711257427724
18-24,2025-06,2025-06-01,zero,3.383245445873946,4.516690231011542,-1.2453407278188493
18-24,2025-07,2025-07-01,high,3.820311096579262,4.4272559753652905,-0.622204502122616
18-24,2025-07,2025-07-01,middle,3.2579926747752,4.497702976147283,-1.2598625563709553
18-24,2025-07,2025-07-01,zero,3.3710901314823327,4.584014239780377,-1.3017538168149554
18-24,2025-08,2025-08-01,high,3.880282217356468,3.8310362672855676,0.07685650548718174
18-24,2025-08,2025-08-01,middle,3.4218218775648617,3.980717195234354,-0.526909251194835
18-24,2025-08,2025-08-01,zero,3.408192107161545,4.0776809635586115,-0.6916199524795691
18-24,2025-09,2025-09-01,high,4.086126464006616,4.321859579223964,-0.3991599847437377
18-24,2025-09,2025-09-01,middle,3.565893804999671,4.454172147542888,-0.8792991750098197
18-24,2025-09,2025-09-01,zero,3.5190858974904913,4.538383590851769,-1.0152128202939465
18-24,2025-10,2025-10-01,high,4.13509909923517,4.401231085136809,-0.2417908171060109
18-24,2025-10,2025-10-01,middle,3.6098088108821034,4.260140862181314,-0.6697476284098164
18-24,2025-10,2025-10-01,zero,3.589754472890549,4.367730884583979,-0.8104738798757645
18-24,2025-11,2025-11-01,high,4.0645303704151585,4.119604464819007,0.012339992652261657
18-24,2025-11,2025-11-01,middle,3.60785400365168,4.143935725865112,-0.517306100425569
18-24,2025-11,2025-11-01,zero,3.56933506772946,4.21729655038918,-0.6234062324355508
18-24,2025-12,2025-12-01,high,4.04229222961837,4.07900661946894,0.0006348588583410803
18-24,2025-12,2025-12-01,middle,3.585516056173659,4.037722275401079,-0.42791045851424214
18-24,2025-12,2025-12-01,zero,3.529215711719464,4.041529374407394,-0.49313763592535936
18-24,2026-01,2026-01-01,high,4.0288617753989255,3.9890082115742675,0.008129602006469935
18-24,2026-01,2026-01-01,middle,3.73186540506894,4.150769173122613,-0.4232617276376215
18-24,2026-01,2026-01-01,zero,3.518082831555899,4.138929776452963,-0.6226480187490837
18-24,2026-02,2026-02-01,high,4.014260668523096,4.167263229880116,-0.006809560195469751
18-24,2026-02,2026-02-01,middle,3.62938407794476,4.0938611276975765,-0.45894999367132083
18-24,2026-02,2026-02-01,zero,3.5677262032267922,4.199138916802258,-0.6244861872253127
18-24,2026-03,2026-03-01,high,4.032647606089834,4.1108452576518495,-0.08451425684232101
18-24,2026-03,2026-03-01,middle,3.6548718139426355,4.195416826978358,-0.5280444669547452
18-24,2026-03,2026-03-01,zero,3.549734402049653,4.234085718004592,-0.736720677514958
25-29,2021-01,2021-01-01,high,4.738363102953351,4.052411126303423,0.8076000068796362
25-29,2021-01,2021-01-01,middle,4.58554850467381,4.218936669211366,0.41666362254452977
25-29,2021-01,2021-01-01,zero,4.271614324025611,4.188995568220124,0.11161663092618196
25-29,2021-02,2021-02-01,high,4.760016054990999,4.02039686150383,0.886996133522577
25-29,2021-02,2021-02-01,middle,4.569722940417775,4.103488474053151,0.5119023890382631
25-29,2021-02,2021-02-01,zero,4.294640361635794,4.106658756874878,0.19407627785442652
25-29,2021-03,2021-03-01,high,4.6872202883127025,4.263356096943027,0.6466166311018278
25-29,2021-03,2021-03-01,middle,4.515934002364983,4.359383874879548,0.2488341065006515
25-29,2021-03,2021-03-01,zero,4.222184459783597,4.276380172466286,-0.05272398389252879
25-29,2021-04,2021-04-01,high,4.683593957948419,4.209053661478399,0.6321592918015257
25-29,2021-04,2021-04-01,middle,4.509958298264875,4.243411244896311,0.281869696104835
25-29,2021-04,2021-04-01,zero,4.158226217858417,4.247855452374398,-0.06755369409739463
25-29,2021-05,2021-05-01,high,4.569367632866295,4.2677793780745725,0.47532115605076014
25-29,2021-05,2021-05-01,middle,4.397017001609045,4.448609875689337,0.10344419620352817
25-29,2021-05,2021-05-01,zero,4.110921670183795,4.294978886752631,-0.14263665539148696
25-29,2021-06,2021-06-01,high,4.4681673681244884,4.415794470495466,0.24022606282194955
25-29,2021-06,2021-06-01,middle,4.295220878512512,4.3766548420117255,0.007290605600637733
25-29,2021-06,2021-06-01,zero,4.032505659597929,4.355743211159906,-0.3114460393064483
25-29,2021-07,2021-07-01,high,4.386060267429917,4.285255020244366,0.1962494033000603
25-29,2021-07,2021-07-01,middle,4.264044601240173,4.484202765915248,-0.14883801861819054
25-29,2021-07,2021-07-01,zero,3.914215254884905,4.409773377079389,-0.47696867319144565
25-29,2021-08,2021-08-01,high,4.4120271648468465,3.956615601963916,0.5569414380509095
25-29,2021-08,2021-08-01,middle,4.322425700563202,4.1580971938225115,0.22017068773364135
25-29,2021-08,2021-08-01,zero,3.9217789328642505,4.2110040304401135,-0.239943772152024
25-29,2021-09,2021-09-01,high,4.44061632303533,4.405392643193435,0.09933249374482096
25-29,2021-09,2021-09-01,middle,4.050611432602548,4.585248985923268,-0.417607630912468
25-29,2021-09,2021-09-01,zero,3.8496047470606944,4.479094584920666,-0.593087758527249
25-29,2021-10,2021-10-01,high,4.413563474846077,4.456236996256699,0.044909332970093606
25-29,2021-10,2021-10-01,middle,4.168119152749675,4.47598202731832,-0.29857764040939777
25-29,2021-10,2021-10-01,zero,3.8829925452851977,4.41312571309829,-0.5300976853458818
25-29,2021-11,2021-11-01,high,4.378793108593169,4.3872105343088075,0.027013036494867207
25-29,2021-11,2021-11-01,middle,4.106419166776514,4.577239827452492,-0.3746614138857764
25-29,2021-11,2021-11-01,zero,3.8368118143915035,4.52710745612294,-0.6360527282554956
25-29,2021-12,2021-12-01,high,4.371139809250495,4.192301754027785,0.19476377229363298
25-29,2021-12,2021-12-01,middle,4.08543237435828,4.409301274070982,-0.26140761643412874
25-29,2021-12,2021-12-01,zero,3.833985084062471,4.230580745034134,-0.38293946920164335
25-29,2022-01,2022-01-01,high,4.323320548904266,4.265593019466887,0.1400816248199087
25-29,2022-01,2022-01-01,middle,4.176014033117987,4.426351771377528,-0.28435668649130835
25-29,2022-01,2022-01-01,zero,3.816267697240397,4.2978387007917105,-0.47824499691134215
25-29,2022-02,2022-02-01,high,4.379211082822608,4.260997659401283,0.10936166919573755
25-29,2022-02,2022-02-01,middle,4.090518130778972,4.362586978434494,-0.2910530128563366
25-29,2022-02,2022-02-01,zero,3.809834738960238,4.310682580929755,-0.4671673973851883
25-29,2022-03,2022-03-01,high,4.355193039546444,4.560316375267041,-0.16344744343739023
25-29,2022-03,2022-03-01,middle,4.101487760268801,4.468210306182413,-0.47949724903072144
25-29,2022-03,2022-03-01,zero,3.831238876728937,4.48043311659018,-0.6643065060118701
25-29,2022-04,2022-04-01,high,4.303708131488806,4.3393003030103845,0.01259282951346302
25-29,2022-04,2022-04-01,middle,4.046490768918354,4.393836236668445,-0.27004159401866235
25-29,2022-04,2022-04-01,zero,3.8398385230294223,4.249707864003159,-0.44689165217939025
25-29,2022-05,2022-05-01,high,4.240373603493746,4.347779888218183,-0.09046195022413095
25-29,2022-05,2022-05-01,middle,4.075465387762272,4.337542944851604,-0.37742968763102724
25-29,2022-05,2022-05-01,zero,3.7377668063912086,4.309568755973928,-0.5928134431899231
25-29,2022-06,2022-06-01,high,4.283603078251964,4.384119762175946,-0.11602506304054452
25-29,2022-06,2022-06-01,middle,4.041853322062198,4.426034133528924,-0.4914584920403562
25-29,2022-06,2022-06-01,zero,3.6724365537350887,4.427307016313167,-0.7533162574919593
25-29,2022-07,2022-07-01,high,4.267734227474321,4.363737053372134,-0.06500937047496604
25-29,2022-07,2022-07-01,middle,4.066464578637747,4.463982582159744,-0.4258529242374624
25-29,2022-07,2022-07-01,zero,3.677601775544784,4.316211557314805,-0.7062897096062956
25-29,2022-08,2022-08-01,high,4.26432380283521,4.0389004529489725,0.24717535064421092
25-29,2022-08,2022-08-01,middle,4.183072033210171,4.251298653788211,-0.06493944771009076
25-29,2022-08,2022-08-01,zero,3.7241949371963146,4.105783013336703,-0.3249731720065022
25-29,2022-09,2022-09-01,high,4.187268105551487,4.5286510678181715,-0.2503151773595557
25-29,2022-09,2022-09-01,middle,4.20504107696122,4.621844987520899,-0.4437638068275908
25-29,2022-09,2022-09-01,zero,3.6958979156046907,4.342719152145323,-0.596360255193638
25-29,2022-10,2022-10-01,high,4.239049822504538,4.42464918167999,-0.09765912122623056
25-29,2022-10,2022-10-01,middle,4.151489885711079,4.509567808859797,-0.33691896331927595
25-29,2022-10,2022-10-01,zero,3.7166126053496407,4.264028891965111,-0.5074816917586786
25-29,2022-11,2022-11-01,high,4.328577168183594,4.256704563506305,0.0786617806468878
25-29,2022-11,2022-11-01,middle,4.175910738948688,4.394655884249764,-0.3070535141862167
25-29,2022-11,2022-11-01,zero,3.7899842482505206,4.149721873539876,-0.36952830672806347
25-29,2022-12,2022-12-01,high,4.25902515203606,3.995698876802673,0.29964313690179717
25-29,2022-12,2022-12-01,middle,4.017066667410343,4.10814609553098,-0.031912084554089046
25-29,2022-12,2022-12-01,zero,3.7507312926366865,3.936770939112414,-0.1790214134912706
25-29,2023-01,2023-01-01,high,4.34062604909713,4.155811369518402,0.20867172244976748
25-29,2023-01,2023-01-01,middle,3.983329184188452,4.3680692682273765,-0.2199560865980567
25-29,2023-01,2023-01-01,zero,3.791347175094301,4.145533382264249,-0.3288774309388799
25-29,2023-02,2023-02-01,high,4.301977950091779,4.146302383685763,0.1558761516633073
25-29,2023-02,2023-02-01,middle,4.095913829270781,4.187135556378554,-0.1137347580712541
25-29,2023-02,2023-02-01,zero,3.826967922764583,4.055897341787977,-0.1863489571004321
25-29,2023-03,2023-03-01,high,4.276163894409165,4.34327692784152,0.019331273760641282
25-29,2023-03,2023-03-01,middle,4.103479319685206,4.318908914900115,-0.30862330010195865
25-29,2023-03,2023-03-01,zero,3.8145298975760418,4.221253663029798,-0.42004387808767446
25-29,2023-04,2023-04-01,high,4.23246563820996,4.232142054666527,0.11447991395180036
25-29,2023-04,2023-04-01,middle,4.022293823969331,4.214028888387206,-0.21184939136439304
25-29,2023-04,2023-04-01,zero,3.738084289628381,4.0279112411455165,-0.2949372449805339
25-29,2023-05,2023-05-01,high,4.150978291589751,4.2089323675707755,-0.013890685561743814
25-29,2023-05,2023-05-01,middle,3.907204693257982,4.370548316736748,-0.4814582152265608
25-29,2023-05,2023-05-01,zero,3.7416197385619316,4.1768683766527355,-0.500037378426356
25-29,2023-06,2023-06-01,high,4.110560647324956,4.274180015006567,-0.115258722017962
25-29,2023-06,2023-06-01,middle,3.8971609443008677,4.340352776394481,-0.5021994347520695
25-29,2023-06,2023-06-01,zero,3.7167334391766302,4.177652904757359,-0.5433182285881106
25-29,2023-07,2023-07-01,high,4.111094297231622,4.202497968154502,0.05699420236893945
25-29,2023-07,2023-07-01,middle,3.938076090250943,4.3173020842470695,-0.31127591634760055
25-29,2023-07,2023-07-01,zero,3.6502861414155925,4.1780510617737505,-0.5191187241009706
25-29,2023-08,2023-08-01,high,4.208926929671443,3.932846283790523,0.4853127960750505
25-29,2023-08,2023-08-01,middle,3.9640269824760357,4.135134444227743,-0.04994638632250381
25-29,2023-08,2023-08-01,zero,3.6621712046783976,3.9485239973009896,-0.2805636615011132
25-29,2023-09,2023-09-01,high,4.235768767482266,4.179651439407755,0.06490814335676016
25-29,2023-09,2023-09-01,middle,3.938722673904408,4.377601139049926,-0.39006634291597136
25-29,2023-09,2023-09-01,zero,3.74663345087321,4.172979379882211,-0.43660126846242064
25-29,2023-10,2023-10-01,high,4.273653829301711,4.289907400877194,0.0732601387921006
25-29,2023-10,2023-10-01,middle,4.022516895291841,4.390409136895481,-0.30693437726992495
25-29,2023-10,2023-10-01,zero,3.7375669088054364,4.152346408100081,-0.4153575866021861
25-29,2023-11,2023-11-01,high,4.297861880392511,4.2098235191642015,0.1733948221489052
25-29,2023-11,2023-11-01,middle,4.089901433656083,4.207956677002575,-0.19438065943720248
25-29,2023-11,2023-11-01,zero,3.705532780432863,4.109283642788356,-0.3960186970291601
25-29,2023-12,2023-12-01,high,4.3283382747534835,3.874254681446922,0.4601677688630832
25-29,2023-12,2023-12-01,middle,4.083687666742459,3.9138883560165056,0.05564694485209295
25-29,2023-12,2023-12-01,zero,3.7001201175776806,3.856726107956235,-0.11860696770216933
25-29,2024-01,2024-01-01,high,4.380538240163366,4.234000618187282,0.15029266129748864
25-29,2024-01,2024-01-01,middle,4.0816327775029135,4.265251347732911,-0.1784273862535446
25-29,2024-01,2024-01-01,zero,3.7694736000079394,4.060247736719968,-0.32415356436836823
25-29,2024-02,2024-02-01,high,4.352390286569567,4.232576512326535,0.2673475841193475
25-29,2024-02,2024-02-01,middle,4.107093686972139,4.2453372151764075,-0.16804902019847337
25-29,2024-02,2024-02-01,zero,3.7570063688689483,4.047325868333566,-0.28915137091598575
25-29,2024-03,2024-03-01,high,4.355879610729144,4.0534917781933215,0.24888849455314255
25-29,2024-03,2024-03-01,middle,4.043513129746306,4.199650984297895,-0.12946974301679393
25-29,2024-03,2024-03-01,zero,3.7039456467668717,4.0364091578446235,-0.28949223750274916
25-29,2024-04,2024-04-01,high,4.210172436780145,4.209934513514636,0.07433999218865772
25-29,2024-04,2024-04-01,middle,4.008795606393721,4.145952106021274,-0.17724499806627203
25-29,2024-04,2024-04-01,zero,3.6574812122569544,4.126179057591159,-0.43634332968180456
25-29,2024-06,2024-06-01,high,4.248242142973193,4.075746231904786,0.11907077461741727
25-29,2024-06,2024-06-01,middle,3.8460005515839533,4.242792309329796,-0.3616458840164749
25-29,2024-06,2024-06-01,zero,3.590751509827556,4.098410874804051,-0.529085847579608
25-29,2024-07,2024-07-01,high,4.2116840042990695,4.089458958436374,0.09044935225647573
25-29,2024-07,2024-07-01,middle,3.826462019632789,4.329752019815398,-0.4040822060933071
25-29,2024-07,2024-07-01,zero,3.603203274676075,4.099438760067332,-0.5670715324309914
25-29,2024-08,2024-08-01,high,4.223061881726117,3.8710997491818993,0.5547179716049299
25-29,2024-08,2024-08-01,middle,3.7917426352974832,3.9941992375660607,0.006935678347113055
25-29,2024-08,2024-08-01,zero,3.632105304514552,3.7840517760078716,-0.16008071083577302
25-29,2024-09,2024-09-01,high,4.188063660759648,4.3435066289849615,0.03986307383811206
25-29,2024-09,2024-09-01,middle,3.9176441010953096,4.423998879039466,-0.46102311938877993
25-29,2024-09,2024-09-01,zero,3.656694838964882,4.165641617092192,-0.5108506683620295
25-29,2024-10,2024-10-01,high,4.273632290948818,4.382250306095738,0.056225100910498656
25-29,2024-10,2024-10-01,middle,4.005819592388086,4.407027100965215,-0.4560232492148963
25-29,2024-10,2024-10-01,zero,3.661940402284146,4.201549501335372,-0.5329235201704877
25-29,2024-11,2024-11-01,high,4.29600474247851,4.138128565360784,0.208531235929886
25-29,2024-11,2024-11-01,middle,3.976927952169003,4.175938601968568,-0.24811240344150015
25-29,2024-11,2024-11-01,zero,3.668634908120346,4.041156772801008,-0.3788636659568516
25-29,2024-12,2024-12-01,high,4.213007479234337,3.8749244546816146,0.4554078830320607
25-29,2024-12,2024-12-01,middle,3.9718379606872682,3.949493985123348,0.03637075092612452
25-29,2024-12,2024-12-01,zero,3.671010047153576,3.8115879717544483,-0.09713333612917073
25-29,2025-01,2025-01-01,high,4.276169782610969,4.126065305478343,0.2057599603315736
25-29,2025-01,2025-01-01,middle,3.986683357058014,4.2261938525760065,-0.18712984832434498
25-29,2025-01,2025-01-01,zero,3.702443888871863,4.048314140582453,-0.3520944670177042
25-29,2025-02,2025-02-01,high,4.342572118879612,4.151670450014813,0.2542100991631276
25-29,2025-02,2025-02-01,middle,3.9773995922135597,4.154802978299285,-0.1544967841923341
25-29,2025-02,2025-02-01,zero,3.722066648743563,3.9631424108747773,-0.27157428009522727
25-29,2025-03,2025-03-01,high,4.2873300591608015,4.17888424759713,0.19113469295718966
25-29,2025-03,2025-03-01,middle,4.029623107576111,4.345950868186539,-0.25435756353849404
25-29,2025-03,2025-03-01,zero,3.685068028061423,4.043493371566051,-0.37694174730208635
25-29,2025-04,2025-04-01,high,4.257880209720529,4.102852513127673,0.163682290963939
25-29,2025-04,2025-04-01,middle,3.9320737172401907,4.274347770537442,-0.22576984164991964
25-29,2025-04,2025-04-01,zero,3.636784813068719,3.969807654651936,-0.33819719770678636
25-29,2025-05,2025-05-01,high,4.228003438360563,4.250051639892194,0.08677502660899643
25-29,2025-05,2025-05-01,middle,3.9096175263807584,4.232821763236309,-0.31056263284275676
25-29,2025-05,2025-05-01,zero,3.613965272236941,4.099628218544863,-0.5018297802744461
25-29,2025-06,2025-06-01,high,4.2104160705850235,4.177302271071539,0.07978937214716512
25-29,2025-06,2025-06-01,middle,3.848973286588731,4.169424762661129,-0.38449352375749046
25-29,2025-06,2025-06-01,zero,3.5655089247063083,4.2003345774552265,-0.6792999977614195
25-29,2025-07,2025-07-01,high,4.247202422960032,4.178412683545063,0.12321242185316376
25-29,2025-07,2025-07-01,middle,3.8815163821071343,4.305261307998004,-0.39492985892567006
25-29,2025-07,2025-07-01,zero,3.598087641459128,4.2034486422781265,-0.6016192996120275
25-29,2025-08,2025-08-01,high,4.256038125239884,3.804465195577515,0.6331151015327227
25-29,2025-08,2025-08-01,middle,3.9788620578010874,4.000176191793013,0.05123248988559805
25-29,2025-08,2025-08-01,zero,3.63770979484367,3.8276683827862925,-0.21808058644875314
25-29,2025-09,2025-09-01,high,4.316019143457448,4.337350429147497,0.04240302523035053
25-29,2025-09,2025-09-01,middle,3.878821380387923,4.30983979350366,-0.4811169672335772
25-29,2025-09,2025-09-01,zero,3.618409832296271,4.24640940918823,-0.6572060160203391
25-29,2025-10,2025-10-01,high,4.2905100386323785,4.311238600455584,0.07713576606549463
25-29,2025-10,2025-10-01,middle,3.9521462081491485,4.279748350748623,-0.3441766756113851
25-29,2025-10,2025-10-01,zero,3.651552812747086,4.2366053878039525,-0.5757847042422909
25-29,2025-11,2025-11-01,high,4.268998710751839,4.230206853523836,0.19319386957666243
25-29,2025-11,2025-11-01,middle,3.9696577648689706,4.179167892874299,-0.22743486505550847
25-29,2025-11,2025-11-01,zero,3.6542601771751104,4.089878423895005,-0.4402283488778027
25-29,2025-12,2025-12-01,high,4.251494939110215,3.9399087506323767,0.4335780133256604
25-29,2025-12,2025-12-01,middle,3.9587428239876554,3.972937739736083,-0.017863682985508625
25-29,2025-12,2025-12-01,zero,3.678733289226114,3.9494905437375665,-0.24390220764311757
25-29,2026-01,2026-01-01,high,4.32083061368209,4.086108194811057,0.28352505719106724
25-29,2026-01,2026-01-01,middle,4.021030324180612,4.295300368271417,-0.20634618434683505
25-29,2026-01,2026-01-01,zero,3.7257983112338975,4.0171043010949985,-0.3223318271239511
25-29,2026-02,2026-02-01,high,4.348587010540318,4.145968410363444,0.28752990710281917
25-29,2026-02,2026-02-01,middle,4.00337690342782,4.196289416234635,-0.1725087665231385
25-29,2026-02,2026-02-01,zero,3.721727520844062,4.058774142910649,-0.34248420583507627
25-29,2026-03,2026-03-01,high,4.348079426130746,4.219451172801148,0.2020054424436389
25-29,2026-03,2026-03-01,middle,3.9816623664447888,4.358940488784813,-0.3583598695429655
25-29,2026-03,2026-03-01,zero,3.7161260003966543,4.155980997840027,-0.4525486363360602
30-39,2021-01,2021-01-01,high,5.481010288394368,4.50361224391701,1.127808959472403
30-39,2021-01,2021-01-01,middle,5.36067519880674,4.532074586472696,0.8895659832119632
30-39,2021-01,2021-01-01,zero,5.248001135225777,4.6873501654145695,0.583807967765497
30-39,2021-02,2021-02-01,high,5.437442469513445,4.408053859333504,1.18611971228343
30-39,2021-02,2021-02-01,middle,5.368546627671314,4.525939540745189,0.9490909596229645
30-39,2021-02,2021-02-01,zero,5.248087379966995,4.737134960825388,0.5985442262741729
30-39,2021-03,2021-03-01,high,5.401141528131564,4.568469449155193,0.9843668184002372
30-39,2021-03,2021-03-01,middle,5.345840525763641,4.570534273925357,0.7381474366031178
30-39,2021-03,2021-03-01,zero,5.208034836544997,4.898497360244517,0.374484187066972
30-39,2021-04,2021-04-01,high,5.356457080201719,4.578599655157188,0.9587380135233616
30-39,2021-04,2021-04-01,middle,5.324461716248512,4.5561486461169505,0.7935834572984163
30-39,2021-04,2021-04-01,zero,5.215264086692737,4.748960035781229,0.46367600182659274
30-39,2021-05,2021-05-01,high,5.3286229310247295,4.507117246651284,0.9817977692269383
30-39,2021-05,2021-05-01,middle,5.282400885885908,4.642316308422382,0.7314029503156613
30-39,2021-05,2021-05-01,zero,5.155111516052882,4.851558827716526,0.3353183035762546
30-39,2021-06,2021-06-01,high,5.3270993493126975,4.687190154700673,0.7451769482282268
30-39,2021-06,2021-06-01,middle,5.2154328712875975,4.703719650874282,0.5566674685062839
30-39,2021-06,2021-06-01,zero,5.1147165636771,4.897929178921246,0.21881386717923615
30-39,2021-07,2021-07-01,high,5.327399710813664,4.544654486540525,0.7850327765000611
30-39,2021-07,2021-07-01,middle,5.194452870718191,4.686517829629359,0.5493337248181469
30-39,2021-07,2021-07-01,zero,5.020466498256212,4.853661756563774,0.16411521307605734
30-39,2021-08,2021-08-01,high,5.260657603256901,4.268522017822672,1.0837562609924682
30-39,2021-08,2021-08-01,middle,5.1736346889242695,4.478783070761471,0.810236904172441
30-39,2021-08,2021-08-01,zero,5.0042914730409755,4.592312887716827,0.4136264996654459
30-39,2021-09,2021-09-01,high,5.218225328067731,4.642728436577407,0.5486753552908843
30-39,2021-09,2021-09-01,middle,5.030825464731658,4.89108380352504,0.20039310318074052
30-39,2021-09,2021-09-01,zero,4.937552555586863,4.93726437822003,0.016979036385929062
30-39,2021-10,2021-10-01,high,5.170274657285257,4.6668144010095105,0.5774623633290573
30-39,2021-10,2021-10-01,middle,5.104800098549263,4.845823067755204,0.29975847662820604
30-39,2021-10,2021-10-01,zero,4.943670080625379,4.914362595071579,0.05088933819628712
30-39,2021-11,2021-11-01,high,5.137433731115989,4.659659147102879,0.5026714321923225
30-39,2021-11,2021-11-01,middle,5.0569366576720345,4.913106471481806,0.2105079264476266
30-39,2021-11,2021-11-01,zero,4.903180701591636,5.06513225128898,-0.09569315670402073
30-39,2021-12,2021-12-01,high,5.107481478493715,4.469491887537944,0.6900544439720636
30-39,2021-12,2021-12-01,middle,4.991885449951176,4.6740974469769005,0.40363432716491376
30-39,2021-12,2021-12-01,zero,4.872303043892796,4.727561253100425,0.20623128663417162
30-39,2022-01,2022-01-01,high,5.131698841124238,4.558416739716948,0.6074116266581017
30-39,2022-01,2022-01-01,middle,4.950324796169171,4.707185802575753,0.3064355385202243
30-39,2022-01,2022-01-01,zero,4.893258348998739,4.885438399972199,0.07197289712098938
30-39,2022-02,2022-02-01,high,5.067771006371796,4.538135575013977,0.5520076187944584
30-39,2022-02,2022-02-01,middle,4.891113298903133,4.826911904906613,0.30161848572745736
30-39,2022-02,2022-02-01,zero,4.8716523592595395,4.812373198666856,0.10620794328268608
30-39,2022-03,2022-03-01,high,5.035428304650637,4.764375169802424,0.29252777318206896
30-39,2022-03,2022-03-01,middle,4.911742820778187,4.906721336760243,0.07016691357595253
30-39,2022-03,2022-03-01,zero,4.859441603435508,4.9583488994364995,-0.0908332356199404
30-39,2022-04,2022-04-01,high,5.009433500008708,4.6225562464890935,0.5005606380104999
30-39,2022-04,2022-04-01,middle,4.940319574833228,4.700445553808846,0.3124895101980016
30-39,2022-04,2022-04-01,zero,4.823583460811354,4.751872270101282,0.08389510291616072
30-39,2022-05,2022-05-01,high,4.971004092836454,4.724768444550506,0.349803195191959
30-39,2022-05,2022-05-01,middle,4.885353146651363,4.765289525121179,0.1790028691639646
30-39,2022-05,2022-05-01,zero,4.7559924319581315,4.859828035961654,-0.056399455814268806
30-39,2022-06,2022-06-01,high,4.936993848155108,4.741873253452618,0.34018839926410704
30-39,2022-06,2022-06-01,middle,4.8503305094230535,4.731551371510729,0.13111580593717806
30-39,2022-06,2022-06-01,zero,4.73726091321307,4.862874441401033,-0.12878711677072788
30-39,2022-07,2022-07-01,high,4.9820604140791325,4.641611670981963,0.43665694193529675
30-39,2022-07,2022-07-01,middle,4.895665256714688,4.735655843724122,0.1854512637076697
30-39,2022-07,2022-07-01,zero,4.747604147734888,4.780424560336328,-0.03791926251922622
30-39,2022-08,2022-08-01,high,5.006548144543896,4.386304295278607,0.7234154084654264
30-39,2022-08,2022-08-01,middle,4.9565726746671155,4.437721619792519,0.523139080121493
30-39,2022-08,2022-08-01,zero,4.771928613983676,4.5359376311654405,0.2793462325786738
30-39,2022-09,2022-09-01,high,4.965216216064755,4.712535883642037,0.3612922570541967
30-39,2022-09,2022-09-01,middle,4.961875756055547,4.938258918311163,0.04370202504886739
30-39,2022-09,2022-09-01,zero,4.742854090554991,4.84044264423991,-0.033260747565224735
30-39,2022-10,2022-10-01,high,5.0621999138534965,4.67583537789385,0.40030183616016035
30-39,2022-10,2022-10-01,middle,4.915228307641426,4.7872020915585916,0.16699923638213002
30-39,2022-10,2022-10-01,zero,4.722174869236491,4.707958301707041,0.0449398891931793
30-39,2022-11,2022-11-01,high,5.011040261589647,4.575389390152853,0.480058438914879
30-39,2022-11,2022-11-01,middle,4.909286188540512,4.703457278649739,0.2488130703817921
30-39,2022-11,2022-11-01,zero,4.715145075850726,4.69109634311652,0.10809548396353912
30-39,2022-12,2022-12-01,high,4.96089093570693,4.284311592868636,0.7698609541133519
30-39,2022-12,2022-12-01,middle,4.853900908480779,4.450525825748653,0.46228128679334485
30-39,2022-12,2022-12-01,zero,4.712281026591613,4.403759388136781,0.36744167422426655
30-39,2023-01,2023-01-01,high,5.0496860401619035,4.488872690864438,0.6179181144052782
30-39,2023-01,2023-01-01,middle,4.8484811773394405,4.550936417395488,0.3372864089385379
30-39,2023-01,2023-01-01,zero,4.7817653163436225,4.638911668636603,0.17371278449615324
30-39,2023-02,2023-02-01,high,5.00475734511498,4.507788258519634,0.6088515785668094
30-39,2023-02,2023-02-01,middle,4.966099629064049,4.502835253295416,0.36900369924738186
30-39,2023-02,2023-02-01,zero,4.768005285424829,4.595807679510317,0.23711056712158005
30-39,2023-03,2023-03-01,high,4.963675274126964,4.613631222236061,0.44684547331266317
30-39,2023-03,2023-03-01,middle,4.938519237245277,4.7183331990329025,0.18158555635838491
30-39,2023-03,2023-03-01,zero,4.719145276329215,4.742786708566645,0.028749468797871405
30-39,2023-04,2023-04-01,high,4.956569466150707,4.408748737488943,0.6344957845607577
30-39,2023-04,2023-04-01,middle,4.8742268965949345,4.546094466874752,0.39590484227298073
30-39,2023-04,2023-04-01,zero,4.690876920199034,4.561856455620994,0.19944861053102714
30-39,2023-05,2023-05-01,high,4.944826473838082,4.552630344360516,0.4861526874834709
30-39,2023-05,2023-05-01,middle,4.817320195030463,4.632917018397179,0.2095199999186693
30-39,2023-05,2023-05-01,zero,4.642248345456478,4.619829321332248,0.04857038230418222
30-39,2023-06,2023-06-01,high,4.9400528833221395,4.566774266383496,0.4823257014509273
30-39,2023-06,2023-06-01,middle,4.790265878759917,4.601230425767913,0.17914075127193896
30-39,2023-06,2023-06-01,zero,4.641595384246199,4.684866529895752,0.019162829660263943
30-39,2023-07,2023-07-01,high,4.96829680587655,4.413110294161714,0.6827601703151558
30-39,2023-07,2023-07-01,middle,4.780348791161996,4.546820212669276,0.27285401470591175
30-39,2023-07,2023-07-01,zero,4.630074315942951,4.576803214129292,0.10808093558505288
30-39,2023-08,2023-08-01,high,4.991007317540132,4.137766372341947,1.0086490831086643
30-39,2023-08,2023-08-01,middle,4.827943442918804,4.2915042391056115,0.6238962561647932
30-39,2023-08,2023-08-01,zero,4.642175843057585,4.338271191222837,0.33776554236431516
30-39,2023-09,2023-09-01,high,4.937907277080471,4.56482862312633,0.5374892653671307
30-39,2023-09,2023-09-01,middle,4.761161237282202,4.551734283486175,0.209426953796027
30-39,2023-09,2023-09-01,zero,4.638918616266181,4.646616801836462,0.054652843679966284
30-39,2023-10,2023-10-01,high,4.976414487784353,4.486637210064513,0.5599947745595838
30-39,2023-10,2023-10-01,middle,4.75744070494202,4.641218038560862,0.2412594257897656
30-39,2023-10,2023-10-01,zero,4.661053062074513,4.616299756719308,0.07650784091239116
30-39,2023-11,2023-11-01,high,4.972974409069397,4.443833749144101,0.6276794281373139
30-39,2023-11,2023-11-01,middle,4.823487348784225,4.536461380278571,0.3569802773597709
30-39,2023-11,2023-11-01,zero,4.651329751727423,4.535772264506311,0.1472499946948409
30-39,2023-12,2023-12-01,high,4.9756747369711345,4.122211118587151,0.9885787808320711
30-39,2023-12,2023-12-01,middle,4.77967411747871,4.283104693031861,0.6504675486990091
30-39,2023-12,2023-12-01,zero,4.656920663480158,4.303603939708441,0.4085607439224777
30-39,2024-01,2024-01-01,high,5.005768564628908,4.464488555751105,0.6956459660497434
30-39,2024-01,2024-01-01,middle,4.832034923048027,4.533457539637009,0.3417036791337255
30-39,2024-01,2024-01-01,zero,4.683044272346694,4.603467036864453,0.12114891670770038
30-39,2024-02,2024-02-01,high,4.989362213803041,4.476883428217701,0.6625353757806255
30-39,2024-02,2024-02-01,middle,4.838387943066394,4.526604853891896,0.3824871023289241
30-39,2024-02,2024-02-01,zero,4.643330190975688,4.58033655347364,0.12088776320302436
30-39,2024-03,2024-03-01,high,5.019207660257775,4.385080109506636,0.7273477338333507
30-39,2024-03,2024-03-01,middle,4.836616032952669,4.510021803561508,0.4195200032669345
30-39,2024-03,2024-03-01,zero,4.613814245118642,4.510905774554225,0.15723040761967944
30-39,2024-04,2024-04-01,high,5.002736229587005,4.487998711452469,0.6038268562614083
30-39,2024-04,2024-04-01,middle,4.800045054009129,4.511030984281472,0.2998017052843148
30-39,2024-04,2024-04-01,zero,4.578048787115781,4.5672665034950635,0.04863800869442069
30-39,2024-06,2024-06-01,high,4.948136997834294,4.387151869388098,0.6582047714724878
30-39,2024-06,2024-06-01,middle,4.8305149576206015,4.483615690372681,0.3335489092675732
30-39,2024-06,2024-06-01,zero,4.548649130655662,4.543150558235362,0.06297848857201398
30-39,2024-07,2024-07-01,high,4.986930293621339,4.422952401673743,0.6645647179723284
30-39,2024-07,2024-07-01,middle,4.778059306869303,4.494150316357525,0.3011276240436708
30-39,2024-07,2024-07-01,zero,4.534199366744428,4.579698508741562,-0.005708819793180148
30-39,2024-08,2024-08-01,high,5.035140674565947,3.9208812520678276,1.1647642291000095
30-39,2024-08,2024-08-01,middle,4.809139511135003,4.18743351969657,0.69959744372962
30-39,2024-08,2024-08-01,zero,4.562323794227003,4.269079009266858,0.34814954714354396
30-39,2024-09,2024-09-01,high,4.998243293391876,4.521653801004718,0.5961392308796775
30-39,2024-09,2024-09-01,middle,4.7648548997400475,4.658254912020918,0.1470499578491495
30-39,2024-09,2024-09-01,zero,4.569441910335425,4.633696089875846,-0.033356809219106116
30-39,2024-10,2024-10-01,high,5.003352375113507,4.513245004227201,0.5700124124755391
30-39,2024-10,2024-10-01,middle,4.800655707973595,4.559696539454857,0.20086735857775168
30-39,2024-10,2024-10-01,zero,4.577878578933957,4.675789269743423,-0.04434688539293119
30-39,2024-11,2024-11-01,high,5.005553516413935,4.36254226689309,0.7450451814125273
30-39,2024-11,2024-11-01,middle,4.762733282583364,4.465189014983453,0.3415727767790556
30-39,2024-11,2024-11-01,zero,4.579572240621656,4.538490150614261,0.09768858398312703
30-39,2024-12,2024-12-01,high,4.995100576685796,4.2004013703672065,0.9623479015095968
30-39,2024-12,2024-12-01,middle,4.77343511433546,4.34359269783638,0.5665257146339588
30-39,2024-12,2024-12-01,zero,4.583712247737072,4.298551469076513,0.3516608104859274
30-39,2025-01,2025-01-01,high,5.0250330194134,4.4180050564738025,0.7095488824062673
30-39,2025-01,2025-01-01,middle,4.711463889873455,4.456232225300428,0.3444045302403562
30-39,2025-01,2025-01-01,zero,4.59121278664866,4.555922161607174,0.08148145502443342
30-39,2025-02,2025-02-01,high,5.033018409655718,4.413310134296504,0.7415341916235298
30-39,2025-02,2025-02-01,middle,4.69189420735373,4.386069208769873,0.37705976279818
30-39,2025-02,2025-02-01,zero,4.5622902844876005,4.427207264568291,0.16800503941326655
30-39,2025-03,2025-03-01,high,5.02375411993807,4.501251809791379,0.6567192668183468
30-39,2025-03,2025-03-01,middle,4.682920368139301,4.48345469637864,0.27776730936281885
30-39,2025-03,2025-03-01,zero,4.548006246310556,4.517911099561877,0.09481578044758894
30-39,2025-04,2025-04-01,high,5.002290554413308,4.393418742613842,0.7094144482058934
30-39,2025-04,2025-04-01,middle,4.661203923564106,4.440870337363695,0.30725818014993717
30-39,2025-04,2025-04-01,zero,4.52250619592707,4.465474141079313,0.13221471244881033
30-39,2025-05,2025-05-01,high,4.9411641059600155,4.40352100045458,0.6305354474841459
30-39,2025-05,2025-05-01,middle,4.729652286143485,4.5172647131663926,0.2900960976478573
30-39,2025-05,2025-05-01,zero,4.497649325296604,4.520027565157353,0.006127831661466371
30-39,2025-06,2025-06-01,high,4.902563707807751,4.390414097997296,0.6769188851096168
30-39,2025-06,2025-06-01,middle,4.694459423037742,4.528415871420128,0.22886305460932224
30-39,2025-06,2025-06-01,zero,4.463480346004163,4.561669902954397,-0.02538515651570657
30-39,2025-07,2025-07-01,high,4.978569314104109,4.460297477178772,0.6233316429881205
30-39,2025-07,2025-07-01,middle,4.73706761506145,4.499241334343341,0.24722439512378705
30-39,2025-07,2025-07-01,zero,4.46901227824936,4.556113882334267,-0.04324784000866467
30-39,2025-08,2025-08-01,high,4.976191193384526,4.043334007861773,1.1522060742085292
30-39,2025-08,2025-08-01,middle,4.813834039585586,4.151308457768209,0.7333363356360078
30-39,2025-08,2025-08-01,zero,4.4863313963736475,4.22745346480045,0.30973970066771034
30-39,2025-09,2025-09-01,high,4.947317373127397,4.5725869256897065,0.5177277648349166
30-39,2025-09,2025-09-01,middle,4.690281550329399,4.678728837945445,0.09303796123443608
30-39,2025-09,2025-09-01,zero,4.4569666106763455,4.641088618424982,-0.1372446348430566
30-39,2025-10,2025-10-01,high,4.990449500871588,4.530566001190166,0.5371132165810766
30-39,2025-10,2025-10-01,middle,4.729825186436025,4.622961592486648,0.16056503392644475
30-39,2025-10,2025-10-01,zero,4.4855417413710645,4.620302960526073,-0.06963860828300754
30-39,2025-11,2025-11-01,high,4.950433295877945,4.430307360220669,0.7182162999923478
30-39,2025-11,2025-11-01,middle,4.767614521868303,4.36744812077993,0.38812220428727856
30-39,2025-11,2025-11-01,zero,4.4865474554331914,4.528443181273419,0.03941102594806228
30-39,2025-12,2025-12-01,high,5.0071596350162535,4.182608232595908,0.9107126330697161
30-39,2025-12,2025-12-01,middle,4.760074694346649,4.242600845747955,0.5310977577341449
30-39,2025-12,2025-12-01,zero,4.547325250628742,4.263376377568073,0.3299028565169062
30-39,2026-01,2026-01-01,high,5.00494441804303,4.3920894440020515,0.720649904978055
30-39,2026-01,2026-01-01,middle,4.754384239833436,4.4171908147350925,0.3621414288292088
30-39,2026-01,2026-01-01,zero,4.525808923474161,4.477332936022008,0.08663169619748219
30-39,2026-02,2026-02-01,high,4.972420094232943,4.345218906372574,0.8139494495540619
30-39,2026-02,2026-02-01,middle,4.735890212736724,4.407281989806101,0.32677417006093556
30-39,2026-02,2026-02-01,zero,4.520271418362415,4.428085042813732,0.12390363405693677
30-39,2026-03,2026-03-01,high,4.987896904123151,4.476004828058002,0.6619715552306377
30-39,2026-03,2026-03-01,middle,4.737888190958106,4.6477370890243455,0.17831205602131495
30-39,2026-03,2026-03-01,zero,4.50284467097735,4.554346505202478,-0.0130558789127559
40-44,2021-01,2021-01-01,high,4.9980125645443625,3.5542854051276476,1.4840293657642598
40-44,2021-01,2021-01-01,middle,4.881310489291275,3.911828279597525,1.2376029720124562
40-44,2021-01,2021-01-01,zero,4.849466297028526,4.119706812188461,0.8354951218884923
40-44,2021-02,2021-02-01,high,4.997147026454437,3.563322283000393,1.5691064079886419
40-44,2021-02,2021-02-01,middle,4.881279917226087,3.7743228943304508,1.256175666613632
40-44,2021-02,2021-02-01,zero,4.880369062075336,4.006355304578486,0.9520523824642408
40-44,2021-03,2021-03-01,high,5.010897898911858,3.7673874582673803,1.3497110255898221
40-44,2021-03,2021-03-01,middle,4.857556211269014,4.040767735512815,1.0746853313713585
40-44,2021-03,2021-03-01,zero,4.87035518277492,4.189874311531325,0.7355638085690512
40-44,2021-04,2021-04-01,high,5.031227011743264,3.6800379611157306,1.4324807694807968
40-44,2021-04,2021-04-01,middle,4.826944889231174,3.884155198928606,1.13012195598725
40-44,2021-04,2021-04-01,zero,4.832336831360779,4.1136609656756145,0.7720293471850356
40-44,2021-05,2021-05-01,high,4.962637236012416,3.676478150542005,1.390420693797528
40-44,2021-05,2021-05-01,middle,4.784179626759484,3.829028982793635,1.0920562131819802
40-44,2021-05,2021-05-01,zero,4.798308826040728,4.137996131095599,0.7304073844335314
40-44,2021-06,2021-06-01,high,4.969055809557272,3.770419704565289,1.2271663839189533
40-44,2021-06,2021-06-01,middle,4.739120296865779,4.0319193350908025,0.9350140918652469
40-44,2021-06,2021-06-01,zero,4.750222336588852,4.244673899531734,0.5701260344045379
40-44,2021-07,2021-07-01,high,4.937958857560169,3.696661892920512,1.2516411060116548
40-44,2021-07,2021-07-01,middle,4.7290432771995805,3.9106084372886687,0.9589193649505717
40-44,2021-07,2021-07-01,zero,4.688918169611766,4.172523152552979,0.5431512886013767
40-44,2021-08,2021-08-01,high,4.962942157395032,3.4369420012854377,1.5341316241264862
40-44,2021-08,2021-08-01,middle,4.743815350661841,3.7215886221264887,1.2442607922463187
40-44,2021-08,2021-08-01,zero,4.632395665520285,3.9953090061423273,0.7359001563877635
40-44,2021-09,2021-09-01,high,4.875364172606392,3.917702078295571,0.9616081965455878
40-44,2021-09,2021-09-01,middle,4.647613665138305,4.164215360741111,0.6424549990774483
40-44,2021-09,2021-09-01,zero,4.605164324224719,4.263731074673514,0.3769496941380459
40-44,2021-10,2021-10-01,high,4.867347121583858,3.9007011044915947,0.9546187124224637
40-44,2021-10,2021-10-01,middle,4.644316747238223,4.16071065601093,0.6842167863448736
40-44,2021-10,2021-10-01,zero,4.605166812329291,4.243225060045549,0.38468160745184476
40-44,2021-11,2021-11-01,high,4.866499751491709,3.8101510280105892,0.9568579106207822
40-44,2021-11,2021-11-01,middle,4.6178017535875595,4.176238496145918,0.5595768299791816
40-44,2021-11,2021-11-01,zero,4.547190809092499,4.339658431282689,0.22502326748449566
40-44,2021-12,2021-12-01,high,4.727585677355418,3.7788235120327887,1.042252067977556
40-44,2021-12,2021-12-01,middle,4.635140971070909,3.947366015433592,0.8214913650515464
40-44,2021-12,2021-12-01,zero,4.5399564440873235,4.031237463802572,0.5760479527310693
40-44,2022-01,2022-01-01,high,4.769825967790165,3.812787420553353,1.015026737202905
40-44,2022-01,2022-01-01,middle,4.681913192459487,4.105252818170393,0.6981048966689206
40-44,2022-01,2022-01-01,zero,4.487250200031081,4.208634019788695,0.38641934562024066
40-44,2022-02,2022-02-01,high,4.742289539994057,3.8907672418252335,0.9466171199062956
40-44,2022-02,2022-02-01,middle,4.62867183073767,4.066238470703929,0.6738354831073206
40-44,2022-02,2022-02-01,zero,4.515199736335892,4.100456803570924,0.4419502451099731
40-44,2022-03,2022-03-01,high,4.718322052350996,4.022003622894414,0.7523188948554242
40-44,2022-03,2022-03-01,middle,4.566301134172106,4.1831288274935945,0.48145340040229834
40-44,2022-03,2022-03-01,zero,4.512133093947674,4.307530604888621,0.25537243419545036
40-44,2022-04,2022-04-01,high,4.718475970247963,3.743815411759236,0.9746605584887263
40-44,2022-04,2022-04-01,middle,4.568524111872629,3.9744095019485477,0.7349892849519659
40-44,2022-04,2022-04-01,zero,4.465377875735755,4.152196270269236,0.4222074735849175
40-44,2022-05,2022-05-01,high,4.646175665323802,3.7801190218278973,0.8532913215850503
40-44,2022-05,2022-05-01,middle,4.514398982943456,3.969091185149271,0.6300040705433586
40-44,2022-05,2022-05-01,zero,4.428444591665529,4.167751100655605,0.34748557534665786
40-44,2022-06,2022-06-01,high,4.673353104856491,3.8362725253623737,0.8426954968442004
40-44,2022-06,2022-06-01,middle,4.477732515340653,4.0627998472825,0.5455988444290392
40-44,2022-06,2022-06-01,zero,4.428818446459847,4.169660888085316,0.28498913648054813
40-44,2022-07,2022-07-01,high,4.712076751014419,3.790187824927672,0.9196818315345127
40-44,2022-07,2022-07-01,middle,4.514246943111097,3.9324956257425456,0.6236387324718135
40-44,2022-07,2022-07-01,zero,4.42274457826876,4.113386039807955,0.3488358580594021
40-44,2022-08,2022-08-01,high,4.67993965302378,3.493797625180453,1.2325272373657732
40-44,2022-08,2022-08-01,middle,4.5818086436685075,3.843351814247009,0.9574856929804958
40-44,2022-08,2022-08-01,zero,4.414802030333101,3.9829354838649493,0.576594584909899
40-44,2022-09,2022-09-01,high,4.623801505290232,3.797125435565771,0.8463473952523954
40-44,2022-09,2022-09-01,middle,4.450154926805121,4.133612250730966,0.4939674596360505
40-44,2022-09,2022-09-01,zero,4.407377203394637,4.117575010100483,0.3705373291343393
40-44,2022-10,2022-10-01,high,4.6304027147734494,3.839123437096645,0.8448123337410969
40-44,2022-10,2022-10-01,middle,4.4917769307805,4.065284310622787,0.5638178029641047
40-44,2022-10,2022-10-01,zero,4.392597191338707,4.085291260102806,0.4008514635494034
40-44,2022-11,2022-11-01,high,4.621578710046618,3.710058780786695,0.964019300239245
40-44,2022-11,2022-11-01,middle,4.4806334393627285,3.905684389922838,0.7056968724261651
40-44,2022-11,2022-11-01,zero,4.397250829492672,3.9535820956484424,0.48276875706646005
40-44,2022-12,2022-12-01,high,4.621617659317015,3.404309815231139,1.2557773339068445
40-44,2022-12,2022-12-01,middle,4.469276141110789,3.716975147570082,0.9110343771822345
40-44,2022-12,2022-12-01,zero,4.4005822737977285,3.72639866096624,0.7816647040571377
40-44,2023-01,2023-01-01,high,4.639370729621365,3.6850871530159286,1.0159997938852774
40-44,2023-01,2023-01-01,middle,4.453692358828451,3.911725009378483,0.7331758511187279
40-44,2023-01,2023-01-01,zero,4.407473132616319,3.8990869342599668,0.5803162736589121
40-44,2023-02,2023-02-01,high,4.56258446616053,3.649491225719567,1.0508462329464305
40-44,2023-02,2023-02-01,middle,4.43578195731779,3.939667467448612,0.7432329255714143
40-44,2023-02,2023-02-01,zero,4.377821646398109,3.8877259582974224,0.5686471179437268
40-44,2023-03,2023-03-01,high,4.5552360923061155,3.795320086020325,0.8426496617744158
40-44,2023-03,2023-03-01,middle,4.386323750106842,3.9555691897869565,0.5772198347282534
40-44,2023-03,2023-03-01,zero,4.338033557174918,4.049508457160744,0.40442534575575717
40-44,2023-04,2023-04-01,high,4.528623271419644,3.475346808162891,1.125978368631554
40-44,2023-04,2023-04-01,middle,4.401872224677086,3.882445324546983,0.73678337328468
40-44,2023-04,2023-04-01,zero,4.322338442312976,3.8790200242629487,0.5530163984485357
40-44,2023-05,2023-05-01,high,4.572703269788716,3.745192595918519,0.9015879339507217
40-44,2023-05,2023-05-01,middle,4.331594834803976,3.885628206106327,0.5824855544517895
40-44,2023-05,2023-05-01,zero,4.28202033168422,3.986185579826056,0.40639818520112764
40-44,2023-06,2023-06-01,high,4.5670416257034505,3.617747325954411,0.9681647708549512
40-44,2023-06,2023-06-01,middle,4.331110845313357,3.942577650341744,0.6421701327034809
40-44,2023-06,2023-06-01,zero,4.27163694025785,3.976523748246757,0.40011088973410447
40-44,2023-07,2023-07-01,high,4.592122224587118,3.535192411599401,1.0951974981926091
40-44,2023-07,2023-07-01,middle,4.356001047205791,3.752685863927156,0.771598801380243
40-44,2023-07,2023-07-01,zero,4.2647782528050815,3.9373882869561543,0.4744694964275404
40-44,2023-08,2023-08-01,high,4.491381633148608,3.1725073043470293,1.5031479144949236
40-44,2023-08,2023-08-01,middle,4.423768965512309,3.5970997852270403,1.0266506447463242
40-44,2023-08,2023-08-01,zero,4.240545960580322,3.642370596962114,0.687181012917419
40-44,2023-09,2023-09-01,high,4.492870248266898,3.600673722765249,1.0012268266594138
40-44,2023-09,2023-09-01,middle,4.345976953933794,3.8645460043497164,0.6178545715830105
40-44,2023-09,2023-09-01,zero,4.217730107363403,3.9470189679186283,0.39111315820154957
40-44,2023-10,2023-10-01,high,4.512618645655806,3.708277801066459,0.9317366666458763
40-44,2023-10,2023-10-01,middle,4.29146946125154,3.803242466870301,0.6853787750398938
40-44,2023-10,2023-10-01,zero,4.27596736353511,3.8721266150143987,0.4501612104953398
40-44,2023-11,2023-11-01,high,4.495454695516455,3.635444188374579,0.9986220662177226
40-44,2023-11,2023-11-01,middle,4.318896687123739,3.8865545358961064,0.6927484847120531
40-44,2023-11,2023-11-01,zero,4.2433825308546025,3.879655079793839,0.5056303832451792
40-44,2023-12,2023-12-01,high,4.495307687232155,3.4143468193760733,1.2567267894554945
40-44,2023-12,2023-12-01,middle,4.309506071373056,3.6217162317443283,0.9242977699745075
40-44,2023-12,2023-12-01,zero,4.244248736713802,3.654226227448441,0.7765981972830451
40-44,2024-01,2024-01-01,high,4.513480416231356,3.542060448792096,1.0829025718270204
40-44,2024-01,2024-01-01,middle,4.288305192793407,3.8722817525480075,0.6660655112388545
40-44,2024-01,2024-01-01,zero,4.2875516604399975,3.860867850086917,0.5119756025239058
40-44,2024-02,2024-02-01,high,4.475518773518908,3.685810370070935,1.0153060474327242
40-44,2024-02,2024-02-01,middle,4.3044297244401655,3.8026103772986106,0.6569712014871489
40-44,2024-02,2024-02-01,zero,4.285185366329746,3.8390384058334672,0.5647424498341411
40-44,2024-03,2024-03-01,high,4.457025142009349,3.558699226450725,1.0936792163260936
40-44,2024-03,2024-03-01,middle,4.323697143141754,3.719641635309141,0.7801829367491065
40-44,2024-03,2024-03-01,zero,4.260530313463506,3.769658454429227,0.5805432476954145
40-44,2024-04,2024-04-01,high,4.449741762358571,3.6257251596487943,0.9842742075958689
40-44,2024-04,2024-04-01,middle,4.281778895738959,3.852337567923625,0.6540474192295752
40-44,2024-04,2024-04-01,zero,4.240910600508874,3.8535757833052324,0.44661965033853174
40-44,2024-06,2024-06-01,high,4.387160467209038,3.4906736590388827,1.086518877175004
40-44,2024-06,2024-06-01,middle,4.310019573640757,3.676704190169492,0.7591316425753803
40-44,2024-06,2024-06-01,zero,4.159586855492793,3.7855551196482597,0.4815272578929621
40-44,2024-07,2024-07-01,high,4.463372133007253,3.5094594225722235,0.9962835489928425
40-44,2024-07,2024-07-01,middle,4.329575529460939,3.6264181324600457,0.7315376603856629
40-44,2024-07,2024-07-01,zero,4.162116213715582,3.8095190330584474,0.4384744594387014
40-44,2024-08,2024-08-01,high,4.462359573728036,3.1919698236900365,1.4041808024374716
40-44,2024-08,2024-08-01,middle,4.319629995300334,3.5729314702120014,1.0520634740135812
40-44,2024-08,2024-08-01,zero,4.188943992891032,3.5951760124305903,0.7599685926951004
40-44,2024-09,2024-09-01,high,4.470885695438141,3.5986412533852126,0.9790234340113836
40-44,2024-09,2024-09-01,middle,4.194123451511168,3.8392448282600524,0.5420581942693584
40-44,2024-09,2024-09-01,zero,4.171737192649899,3.8963422971003694,0.37029485802930184
40-44,2024-10,2024-10-01,high,4.435011400476508,3.7039137743245663,0.917615375383369
40-44,2024-10,2024-10-01,middle,4.240414769718792,3.8711687047152936,0.582027361116742
40-44,2024-10,2024-10-01,zero,4.158024463824479,3.99998268881132,0.29220258793751913
40-44,2024-11,2024-11-01,high,4.445334099243224,3.5267599414349884,1.051916790530233
40-44,2024-11,2024-11-01,middle,4.200291901438767,3.752600426826635,0.6953032424105365
40-44,2024-11,2024-11-01,zero,4.169076063412662,3.7868569681882467,0.48896877855002674
40-44,2024-12,2024-12-01,high,4.5178553114774544,3.3953912236368633,1.2359526252386075
40-44,2024-12,2024-12-01,middle,4.194174585488975,3.5801478992282125,0.9269378345153308
40-44,2024-12,2024-12-01,zero,4.139636317843427,3.591226947513838,0.6432855716021284
40-44,2025-01,2025-01-01,high,4.523241594185568,3.567410875986969,1.0260188161001214
40-44,2025-01,2025-01-01,middle,4.2402670805659435,3.7298863985962227,0.7218400765024391
40-44,2025-01,2025-01-01,zero,4.170774160502927,3.8300732437624476,0.4441134748812375
40-44,2025-02,2025-02-01,high,4.525139347438117,3.447083590976065,1.175976847544144
40-44,2025-02,2025-02-01,middle,4.188239733855547,3.6802459891935704,0.8020941062760742
40-44,2025-02,2025-02-01,zero,4.17933865835288,3.7644095019617487,0.49724427194726123
40-44,2025-03,2025-03-01,high,4.517543077776291,3.5683837223084853,1.0651629608492343
40-44,2025-03,2025-03-01,middle,4.246275431315658,3.81127260861247,0.6469536421337901
40-44,2025-03,2025-03-01,zero,4.1769966242516245,3.7862849669619556,0.46556847470655754
40-44,2025-04,2025-04-01,high,4.508432338714276,3.5385352424041905,1.0773139980828341
40-44,2025-04,2025-04-01,middle,4.235543360756079,3.776376922091807,0.7439326602171619
40-44,2025-04,2025-04-01,zero,4.128976249976727,3.79495389856879,0.4688585839774689
40-44,2025-05,2025-05-01,high,4.450364310261376,3.5665970740772424,1.0216312227631434
40-44,2025-05,2025-05-01,middle,4.239147835843178,3.8415032213971463,0.7039673800678651
40-44,2025-05,2025-05-01,zero,4.0975233581181705,3.827301276469894,0.38353304023809404
40-44,2025-06,2025-06-01,high,4.438721191121908,3.4260397318348415,1.1080042016722256
40-44,2025-06,2025-06-01,middle,4.22173771085689,3.7283732894395993,0.6895720082307757
40-44,2025-06,2025-06-01,zero,4.054562011476537,3.7771150253969377,0.36152335368776156
40-44,2025-07,2025-07-01,high,4.457501747956518,3.5100783848014374,1.0504663008136734
40-44,2025-07,2025-07-01,middle,4.254680857381122,3.7369098557493525,0.7447365765667614
40-44,2025-07,2025-07-01,zero,4.097095724510551,3.8764081132169266,0.3670378550335207
40-44,2025-08,2025-08-01,high,4.4549421480924085,3.096974603455614,1.5474071652814345
40-44,2025-08,2025-08-01,middle,4.284613395806449,3.3833618421345104,1.1159173754385414
40-44,2025-08,2025-08-01,zero,4.09312324923951,3.5677041292776432,0.709092524610991
40-44,2025-09,2025-09-01,high,4.416444142113191,3.7163498923935183,0.9024437249356162
40-44,2025-09,2025-09-01,middle,4.266992726994788,3.872013424575494,0.4705979790547147
40-44,2025-09,2025-09-01,zero,4.062446738801845,3.887266511936147,0.2658055931956167
40-44,2025-10,2025-10-01,high,4.466660496867761,3.6836736857735284,0.9138000354590886
40-44,2025-10,2025-10-01,middle,4.256643707483328,3.9673103012822657,0.39664434194537596
40-44,2025-10,2025-10-01,zero,4.094356754685488,3.917578110833917,0.26856138546925773
40-44,2025-11,2025-11-01,high,4.421023298708054,3.4917491760387005,1.0970921853858455
40-44,2025-11,2025-11-01,middle,4.2475146632120415,3.638830477100046,0.697855371784021
40-44,2025-11,2025-11-01,zero,4.096576903292008,3.7306825452508705,0.45094163130360343
40-44,2025-12,2025-12-01,high,4.407470303530399,3.3796451737485573,1.2323329164850192
40-44,2025-12,2025-12-01,middle,4.265224920671472,3.619481984242805,0.8901227180849112
40-44,2025-12,2025-12-01,zero,4.1250031863886,3.5868030755100406,0.624646763056228
40-44,2026-01,2026-01-01,high,4.449259918459948,3.45105262509651,1.119398243468296
40-44,2026-01,2026-01-01,middle,4.276139545945173,3.6580928813573306,0.6806989543496943
40-44,2026-01,2026-01-01,zero,4.109498849035516,3.7691316091865654,0.44444345392320384
40-44,2026-02,2026-02-01,high,4.48859331273243,3.442226394290789,1.1654183847680895
40-44,2026-02,2026-02-01,middle,4.232581418588629,3.616598975485652,0.7631252235402278
40-44,2026-02,2026-02-01,zero,4.085736136552036,3.695575337721707,0.48600734200045437
40-44,2026-03,2026-03-01,high,4.473759336657071,3.534347077246967,1.0627396221778693
40-44,2026-03,2026-03-01,middle,4.232465149918052,3.7788100868128724,0.5948174252328363
40-44,2026-03,2026-03-01,zero,4.082818876912948,3.790840868920452,0.35267378868794996
<18,2021-01,2021-01-01,high,1.6187324442268978,1.0246591824730795,1.383809893216138
<18,2021-01,2021-01-01,middle,2.075419821839779,1.671820019136133,0.8552865997221502
<18,2021-01,2021-01-01,zero,1.9406526367338806,1.4087852955832147,0.9196599962096034
<18,2021-02,2021-02-01,high,1.6661992195968576,1.1100098846268456,1.3341356937947257
<18,2021-02,2021-02-01,middle,2.1830464402971503,1.7895355636412877,1.102777490525293
<18,2021-02,2021-02-01,zero,2.0451065511529727,1.3135766277272773,1.1088437521644547
<18,2021-03,2021-03-01,high,1.6180765076552763,1.358203389704276,1.1375439822877655
<18,2021-03,2021-03-01,middle,2.2055003804866784,2.0581173718431964,0.6507101793902995
<18,2021-03,2021-03-01,zero,2.0171973343152207,1.3776775454678711,0.8132143976653182
<18,2021-04,2021-04-01,high,1.5273278097882044,1.3067866989093706,1.0571937204308681
<18,2021-04,2021-04-01,middle,2.254665536729795,1.9427090039842072,0.7597095566765738
<18,2021-04,2021-04-01,zero,2.0455164350701978,1.484630456773666,0.8400345600747591
<18,2021-05,2021-05-01,high,1.4966340321583953,1.2434644552739198,0.5489074390632728
<18,2021-05,2021-05-01,middle,2.174736719014156,2.1036762115064604,0.5607240568460069
<18,2021-05,2021-05-01,zero,1.998154531102978,1.4753767666941469,0.7002450213613839
<18,2021-06,2021-06-01,high,1.5450235155603398,1.5120597649351213,0.11874546562284355
<18,2021-06,2021-06-01,middle,2.28581957838614,2.29244549276127,-0.3143348216479485
<18,2021-06,2021-06-01,zero,2.0679454707929112,1.9373126636466727,-0.12059865579331698
<18,2021-07,2021-07-01,high,1.4199249472963045,1.8050721244807169,-0.30065749887234505
<18,2021-07,2021-07-01,middle,2.051843561068914,2.6222351757959377,-0.7620472209778159
<18,2021-07,2021-07-01,zero,1.9779571989505063,2.200205198426975,-0.5209286303806898
<18,2021-08,2021-08-01,high,1.4906418610300816,1.7517777389334197,-0.009155712610299354
<18,2021-08,2021-08-01,middle,2.003525934749492,2.2700134848624756,-0.38480240245551844
<18,2021-08,2021-08-01,zero,1.9151295161595625,1.937279962171415,-0.029605399533466085
<18,2021-09,2021-09-01,high,1.5901432041715835,1.5531840723783137,0.2078464123640514
<18,2021-09,2021-09-01,middle,2.071209546816715,2.2567391569794335,-0.17990017913403333
<18,2021-09,2021-09-01,zero,2.0043241595561296,1.8357349192452388,0.11341426028238241
<18,2021-10,2021-10-01,high,1.5649300985767334,1.3717396606816343,0.27790591743138177
<18,2021-10,2021-10-01,middle,2.3817396616895747,2.341816090405565,0.12129920587155209
<18,2021-10,2021-10-01,zero,1.8553322428508159,1.6933865425885528,0.11184238801458779
<18,2021-11,2021-11-01,high,1.6538479266848878,1.693026161272676,0.3472131618631011
<18,2021-11,2021-11-01,middle,2.238549207180704,2.259940806234247,0.12935300289091878
<18,2021-11,2021-11-01,zero,1.829816262963411,1.7664575146606123,0.2939170630772926
<18,2021-12,2021-12-01,high,1.6338318947427555,1.4812176676693463,0.48192002617061697
<18,2021-12,2021-12-01,middle,2.1569924128735165,2.2691464898756846,0.12128349446857256
<18,2021-12,2021-12-01,zero,1.758244252781496,1.5593968870567991,0.33843932661169845
<18,2022-01,2022-01-01,high,1.5227302540606893,1.4046421855608209,0.43689802352097945
<18,2022-01,2022-01-01,middle,2.209142096213537,2.292972052786317,0.3262448639887852
<18,2022-01,2022-01-01,zero,1.7604789439305175,1.5492793924731751,0.39030012274152376
<18,2022-02,2022-02-01,high,1.462698018240311,1.2019843236387018,0.9534485258088806
<18,2022-02,2022-02-01,middle,2.042946018065126,2.065332787005974,0.476638309947653
<18,2022-02,2022-02-01,zero,1.8649191144450714,1.5052749449753722,0.5439439906001541
<18,2022-03,2022-03-01,high,1.4353815893802542,1.427108511217499,0.415507520501075
<18,2022-03,2022-03-01,middle,2.079097582172864,2.1929450953780023,0.04891065217225434
<18,2022-03,2022-03-01,zero,1.8766361637568238,1.58790083223891,0.4459497854169132
<18,2022-04,2022-04-01,high,1.4583684401346362,1.3774179398586979,0.6223834461668611
<18,2022-04,2022-04-01,middle,2.2719169319669765,2.153358043773438,0.3173487166946098
<18,2022-04,2022-04-01,zero,1.9333796682134643,1.6679666597606828,0.4097932888967345
<18,2022-05,2022-05-01,high,1.418220684820963,1.5217504420585315,0.4328018394553396
<18,2022-05,2022-05-01,middle,2.11730441485304,2.293467522521095,0.3061699425120896
<18,2022-05,2022-05-01,zero,1.9211485805797872,1.686243498185785,0.21974563416492549
<18,2022-06,2022-06-01,high,1.5300050272345702,1.787803586408312,-0.12461903542868927
<18,2022-06,2022-06-01,middle,2.095448260671308,2.3845227700688643,-0.5154882018734693
<18,2022-06,2022-06-01,zero,1.909893432175509,2.101269352202601,-0.42789936113851024
<18,2022-07,2022-07-01,high,1.5006799910761095,1.84137077018798,-0.5071125774874938
<18,2022-07,2022-07-01,middle,2.1874632300367183,2.483331029870754,-0.4840419876661027
<18,2022-07,2022-07-01,zero,1.8496386624008476,2.3400188445911625,-0.831776240981213
<18,2022-08,2022-08-01,high,1.5957787122657998,1.593085060086326,0.23347833813376723
<18,2022-08,2022-08-01,middle,2.0864361120788995,2.44954168323219,-0.09697153189927449
<18,2022-08,2022-08-01,zero,1.8578482732277306,1.879956531249662,-0.12928773156977333
<18,2022-09,2022-09-01,high,1.4794781088270628,1.7782059297595392,-0.14632487711701747
<18,2022-09,2022-09-01,middle,1.94890202224342,2.4372124974087757,-0.4172650525401028
<18,2022-09,2022-09-01,zero,1.9201103405120588,1.8363637589189579,0.11351607366973326
<18,2022-10,2022-10-01,high,1.55841923590528,1.5961469892824929,0.2976067321643456
<18,2022-10,2022-10-01,middle,1.9484898517685079,2.1483899910264967,-0.1431016316072495
<18,2022-10,2022-10-01,zero,1.8975824016538596,1.6124940427837442,0.2651619580814981
<18,2022-11,2022-11-01,high,1.4843489484329198,1.5045465522902408,0.35998325066439646
<18,2022-11,2022-11-01,middle,1.9584240624268037,2.152966880306377,0.1314405886030122
<18,2022-11,2022-11-01,zero,1.8702142756104496,1.7104899920166772,0.4203363775221158
<18,2022-12,2022-12-01,high,1.484435352030366,1.47934361898754,0.5234407689352881
<18,2022-12,2022-12-01,middle,1.9326629907725164,1.9480610008198291,0.022735333131737295
<18,2022-12,2022-12-01,zero,1.8252849500947663,1.6403864499067973,0.42142164521412584
<18,2023-01,2023-01-01,high,1.5567216554729804,1.4917823530767413,0.23533141649713799
<18,2023-01,2023-01-01,middle,1.7974935940175423,2.042181413250973,0.13647379393528053
<18,2023-01,2023-01-01,zero,1.907122970704672,1.5840127700797968,0.540414604804516
<18,2023-02,2023-02-01,high,1.4517238457582027,1.352197041251179,0.7618028897352234
<18,2023-02,2023-02-01,middle,1.7303836528800767,1.9654873830280073,0.4188074648618005
<18,2023-02,2023-02-01,zero,1.7921704099775693,1.5266206117523438,0.6594069027096886
<18,2023-03,2023-03-01,high,1.4542414621003348,1.8040546288369894,0.14005456747509928
<18,2023-03,2023-03-01,middle,1.8203303106950977,1.90098776751821,0.41091677592929154
<18,2023-03,2023-03-01,zero,1.8922842962121067,1.5635833950300932,0.5277289358836078
<18,2023-04,2023-04-01,high,1.4342854857278298,1.795867157150699,0.6538534610850238
<18,2023-04,2023-04-01,middle,2.057670873931138,2.077474138109173,0.6385212642106933
<18,2023-04,2023-04-01,zero,1.9404476664486545,1.5763153327828978,0.5049784795142493
<18,2023-05,2023-05-01,high,1.5287804815304247,1.5931765571174796,0.2595088465911
<18,2023-05,2023-05-01,middle,2.1803575474279953,2.4577251303621224,0.2001973800426676
<18,2023-05,2023-05-01,zero,2.0118065078873606,1.7520715814385392,0.22670740434545866
<18,2023-06,2023-06-01,high,1.5903041298131928,1.9956231706737004,-0.28281646933182886
<18,2023-06,2023-06-01,middle,1.9400967019564828,2.505125153711283,-0.6329295167003872
<18,2023-06,2023-06-01,zero,2.0493259450413204,2.2256066786536137,-0.42346110897812317
<18,2023-07,2023-07-01,high,1.576226616742665,2.016359804077437,-0.47136075216536294
<18,2023-07,2023-07-01,middle,1.9422718148665088,2.5089094146149664,-0.6819859752962202
<18,2023-07,2023-07-01,zero,1.9646374293808624,2.2683019142265515,-0.7198912983915263
<18,2023-08,2023-08-01,high,1.510582519739522,1.777975031832764,-0.07604786862385954
<18,2023-08,2023-08-01,middle,1.8419557771938362,2.0470394462012815,-0.12380488146058082
<18,2023-08,2023-08-01,zero,1.9289528551542854,2.1171323666717785,-0.12449376896067466
<18,2023-09,2023-09-01,high,1.592134898500571,1.5386554360187457,0.08483176387211773
<18,2023-09,2023-09-01,middle,1.9676558240500477,2.2721200912629174,0.09056972724092083
<18,2023-09,2023-09-01,zero,1.9093465425691716,1.8816338447171883,0.12159371549227789
<18,2023-10,2023-10-01,high,1.5714654323370663,1.736450841557635,0.06542359457859655
<18,2023-10,2023-10-01,middle,1.9565213206038914,2.4060484510465066,-0.3272394493202467
<18,2023-10,2023-10-01,zero,1.9277686559311793,1.8715533415573098,0.30036330610425266
<18,2023-11,2023-11-01,high,1.6737121926785472,1.6679921286954658,0.24295093350054617
<18,2023-11,2023-11-01,middle,1.9549222557765191,2.1495555725332114,-0.025749678293497343
<18,2023-11,2023-11-01,zero,1.9410897486553327,1.581215232104487,0.40500511406068124
<18,2023-12,2023-12-01,high,1.643358837262571,1.5256450196969558,0.2759489032995675
<18,2023-12,2023-12-01,middle,2.001081303659541,2.323220310019853,0.01555655591719676
<18,2023-12,2023-12-01,zero,1.883855037312433,1.5450392456584212,0.4295998119161727
<18,2024-01,2024-01-01,high,1.362180752476517,1.4667907076150644,0.3336897832915066
<18,2024-01,2024-01-01,middle,1.9828157515052656,2.2976690039906584,0.11210100948164946
<18,2024-01,2024-01-01,zero,1.9152200210409036,1.6651381625849357,0.44968690543195355
<18,2024-02,2024-02-01,high,1.446035751651916,1.5675866389343471,0.2584099271033829
<18,2024-02,2024-02-01,middle,2.0509326711079683,2.0731162233453406,0.45460997394511926
<18,2024-02,2024-02-01,zero,1.7947070727176946,1.7036531878096517,0.43063013555712687
<18,2024-03,2024-03-01,high,1.426614064133643,1.6395369576724785,0.23468150390045692
<18,2024-03,2024-03-01,middle,2.089824054701741,2.2404011094631224,0.4598199722036145
<18,2024-03,2024-03-01,zero,1.885045349685221,1.7175621176551208,0.5043086414010302
<18,2024-04,2024-04-01,high,1.4062770724460913,1.5689622805463161,0.28044710787347904
<18,2024-04,2024-04-01,middle,2.199734846406634,2.276986954619417,0.2668424836382715
<18,2024-04,2024-04-01,zero,1.8414527832427412,1.6685972702845462,0.47429672256303074
<18,2024-06,2024-06-01,high,1.5185805664814063,1.7718712523103355,-0.18747428261478305
<18,2024-06,2024-06-01,middle,2.1979097939264216,2.4171532316602566,-0.471093143083326
<18,2024-06,2024-06-01,zero,1.8981705313090527,2.2168631401259287,-0.4768287779938613
<18,2024-07,2024-07-01,high,1.5110364270043135,2.0049779287047556,-0.5038194919980219
<18,2024-07,2024-07-01,middle,2.131114358547297,2.518085861687055,-0.7760642135213779
<18,2024-07,2024-07-01,zero,1.9649549405177567,2.4443994826281092,-0.7813999684232129
<18,2024-08,2024-08-01,high,1.5609008752799838,1.9605296153011504,0.15298006692624105
<18,2024-08,2024-08-01,middle,2.0026170829548975,2.3950334660477206,-0.17620171841298743
<18,2024-08,2024-08-01,zero,1.9606283682654198,1.900436595805309,-0.001656799431282383
<18,2024-09,2024-09-01,high,1.5629061437612397,1.609130776195184,0.4541560780711331
<18,2024-09,2024-09-01,middle,2.115951992852151,2.3349780943934313,-0.16602456989682013
<18,2024-09,2024-09-01,zero,2.187193596074939,1.9548160135242036,0.23635978942609628
<18,2024-10,2024-10-01,high,1.6076055018988071,1.7283727437768515,0.18768380412141067
<18,2024-10,2024-10-01,middle,2.1577057803407476,2.4710455736452213,-0.15922131480077997
<18,2024-10,2024-10-01,zero,2.06517790323512,1.8810800986690994,0.29863472129830526
<18,2024-11,2024-11-01,high,1.4427239490641948,1.572788966233421,0.4606669570071093
<18,2024-11,2024-11-01,middle,2.0477339614013497,2.438089005594158,0.08390817188692262
<18,2024-11,2024-11-01,zero,1.9698739123772164,1.690972771236173,0.5216000086041375
<18,2024-12,2024-12-01,high,1.476603427173198,1.71273176305051,0.0850701521495379
<18,2024-12,2024-12-01,middle,2.121190690789025,2.293715874106542,0.1473914972620675
<18,2024-12,2024-12-01,zero,1.9190318917273508,1.8733048989994519,0.4303349331296127
<18,2025-01,2025-01-01,high,1.4106418488545458,1.4063912138496781,0.5224897991851396
<18,2025-01,2025-01-01,middle,2.126665038062334,2.252788783276851,0.23368219787587508
<18,2025-01,2025-01-01,zero,1.8588150901041647,1.7138590711773032,0.4703941948066915
<18,2025-02,2025-02-01,high,1.542353285786007,1.3357822671773583,0.5795484599510233
<18,2025-02,2025-02-01,middle,2.065050402351747,2.560122497467676,0.05447238819310417
<18,2025-02,2025-02-01,zero,1.9741792670551324,1.5970886975135146,0.625070187817982
<18,2025-03,2025-03-01,high,1.6726529219482758,1.5316492689319894,0.3862485031969268
<18,2025-03,2025-03-01,middle,1.9913869271975886,2.140261960602939,0.17925287523179037
<18,2025-03,2025-03-01,zero,1.956743497599662,1.6749049207820654,0.6211767529138998
<18,2025-04,2025-04-01,high,1.5939329068915034,1.6043093202716836,0.1637116346959793
<18,2025-04,2025-04-01,middle,2.066484413445622,2.297525220429883,0.12351167454916459
<18,2025-04,2025-04-01,zero,1.9438672217327166,1.7058214806911944,0.617569261330502
<18,2025-05,2025-05-01,high,1.6332114986672643,1.6078293854033048,0.39782422497093534
<18,2025-05,2025-05-01,middle,2.1202563982969327,2.335767417913199,0.22226348604145402
<18,2025-05,2025-05-01,zero,1.9573119317319974,1.7388095811097835,0.3565085860260178
<18,2025-06,2025-06-01,high,1.7096986524272322,2.082993939605092,-0.4459938563293648
<18,2025-06,2025-06-01,middle,1.9953681205487843,2.4110249361229363,-0.5052004296883804
<18,2025-06,2025-06-01,zero,2.0069925788954968,2.328044328651752,-0.5866794762621756
<18,2025-07,2025-07-01,high,1.594685852912203,2.0151701750651667,-0.38058520471140794
<18,2025-07,2025-07-01,middle,2.020176863340186,2.5813457589247926,-0.7554661453547745
<18,2025-07,2025-07-01,zero,2.0756075037550166,2.5230421902611306,-0.7677642665143042
<18,2025-08,2025-08-01,high,1.5482517340516762,1.6293141380179776,-0.001853121352261503
<18,2025-08,2025-08-01,middle,1.9460061739919028,2.4793557319570247,-0.12347488473089072
<18,2025-08,2025-08-01,zero,2.2028109174567945,2.015413490596204,0.09730497133275275
<18,2025-09,2025-09-01,high,1.6279277243698558,1.8170850927385653,0.21807319232407457
<18,2025-09,2025-09-01,middle,1.7942194893083445,2.3447434786290438,-0.3186763341144997
<18,2025-09,2025-09-01,zero,2.1817021568325052,1.9535697646001629,0.14720854305097184
<18,2025-10,2025-10-01,high,1.70676502426127,1.7162764235999777,0.5896392262599025
<18,2025-10,2025-10-01,middle,1.844113422191772,2.485672308136527,-0.027254845016437566
<18,2025-10,2025-10-01,zero,2.0785845161575143,1.8174689692860047,0.33579752590740736
<18,2025-11,2025-11-01,high,1.5557564150416634,1.756349830812594,0.4434408761130566
<18,2025-11,2025-11-01,middle,1.9708949392714596,2.6106887547724984,0.20778403692649924
<18,2025-11,2025-11-01,zero,2.0144045671437265,1.7481735423899205,0.4194348720876309
<18,2025-12,2025-12-01,high,1.5424571773408495,1.6597567079244442,0.319706971734463
<18,2025-12,2025-12-01,middle,1.9034492226891266,2.3639207780820395,0.053365307236466736
<18,2025-12,2025-12-01,zero,1.9432831949843026,1.713853755012276,0.39458802320473746
<18,2026-01,2026-01-01,high,1.5690920942654443,1.487102230101311,0.6720188929203148
<18,2026-01,2026-01-01,middle,1.8609671031988881,2.227999535516474,0.08146307508151689
<18,2026-01,2026-01-01,zero,1.9440827711097195,1.710502531630243,0.4722096660005113
<18,2026-02,2026-02-01,high,1.6239011377134576,1.6946424382224656,0.6751049666800697
<18,2026-02,2026-02-01,middle,1.9270473145006803,2.2496748957993593,0.029090889405989643
<18,2026-02,2026-02-01,zero,1.903778188351197,1.6186078984893773,0.664807978412318
<18,2026-03,2026-03-01,high,1.5419256858385921,1.8046767311607101,0.5543789506835267
<18,2026-03,2026-03-01,middle,1.8565647135976726,2.1758212573528133,-0.01686620004071247
<18,2026-03,2026-03-01,zero,1.9666614279790677,1.7703030236909796,0.39253168606039923
>44,2021-01,2021-01-01,high,6.359393612153698,4.108058594816653,2.4290153309676916
>44,2021-01,2021-01-01,middle,6.165076080848536,4.515808997460618,2.023934575100917
>44,2021-01,2021-01-01,zero,6.321565169567632,4.601159316183379,1.7873891799285682
>44,2021-02,2021-02-01,high,6.370601673156345,4.0783393915204025,2.4657616390136647
>44,2021-02,2021-02-01,middle,6.171496656948673,4.331857743210058,2.064965357982788
>44,2021-02,2021-02-01,zero,6.3300086574573315,4.575090125619579,1.8032240348901245
>44,2021-03,2021-03-01,high,6.37401398945684,4.269398661232531,2.267478574474331
>44,2021-03,2021-03-01,middle,6.157306327801865,4.51774269668126,1.8494958012031202
>44,2021-03,2021-03-01,zero,6.3234298663493895,4.809442007120675,1.581422883703655
>44,2021-04,2021-04-01,high,6.36684152745493,4.162570425284614,2.3486785345944488
>44,2021-04,2021-04-01,middle,6.143855300580491,4.382880979513435,1.923496237380468
>44,2021-04,2021-04-01,zero,6.321245903410664,4.692475417051131,1.6724122445052456
>44,2021-05,2021-05-01,high,6.352785080092503,4.276926543869092,2.2602835474944905
>44,2021-05,2021-05-01,middle,6.121877397091674,4.319277842117017,1.9252588566927955
>44,2021-05,2021-05-01,zero,6.307051793572342,4.780824775002412,1.586803421586152
>44,2021-06,2021-06-01,high,6.341214990520755,4.307930422428966,2.1266276181882002
>44,2021-06,2021-06-01,middle,6.100771786266557,4.541217320278468,1.804570259580958
>44,2021-06,2021-06-01,zero,6.279123900585962,4.766290772946647,1.5390862760105763
>44,2021-07,2021-07-01,high,6.3219050235574725,4.294746783565979,2.140441359606766
>44,2021-07,2021-07-01,middle,6.092314663316977,4.512920911606088,1.7925501799942103
>44,2021-07,2021-07-01,zero,6.245065067653489,4.8412689892153145,1.4737580746594092
>44,2021-08,2021-08-01,high,6.31614405023793,3.975514367656546,2.4675908279406333
>44,2021-08,2021-08-01,middle,6.096379826306329,4.289343348867907,2.0217466570172897
>44,2021-08,2021-08-01,zero,6.2307904425591225,4.529203799710521,1.7440228137241653
>44,2021-09,2021-09-01,high,6.270023777255316,4.369334365218868,1.9802253727110868
>44,2021-09,2021-09-01,middle,6.025513264238081,4.704218299955585,1.4787007512634116
>44,2021-09,2021-09-01,zero,6.211028997654364,4.886905477279944,1.375889877144633
>44,2021-10,2021-10-01,high,6.2827478882699666,4.355182107433364,2.0060064652873075
>44,2021-10,2021-10-01,middle,6.114544623762033,4.756402513853532,1.545788889514347
>44,2021-10,2021-10-01,zero,6.240021295992617,4.875132140485858,1.4023593249355277
>44,2021-11,2021-11-01,high,6.267105903016043,4.488520092231981,1.8337917054690756
>44,2021-11,2021-11-01,middle,6.090377771888606,4.727889295344585,1.4905756219442365
>44,2021-11,2021-11-01,zero,6.200539666572348,4.968340163793801,1.2623381379426626
>44,2021-12,2021-12-01,high,6.250379677155725,4.249114263225925,2.074588457313587
>44,2021-12,2021-12-01,middle,6.074922794661983,4.451152376507256,1.698906656008897
>44,2021-12,2021-12-01,zero,6.197186929610011,4.689196426055583,1.5463043201151374
>44,2022-01,2022-01-01,high,6.262039906808145,4.365067788285749,2.0080383349662534
>44,2022-01,2022-01-01,middle,6.08015273645477,4.654836847000609,1.6031219788931386
>44,2022-01,2022-01-01,zero,6.1974755676574835,4.81486156573987,1.4481654585705603
>44,2022-02,2022-02-01,high,6.249490117105316,4.431003841152657,1.9777582680759678
>44,2022-02,2022-02-01,middle,6.016707958796709,4.494257435821168,1.6090124868493099
>44,2022-02,2022-02-01,zero,6.212254720496428,4.80714350739114,1.4896806864396526
>44,2022-03,2022-03-01,high,6.2469332692011355,4.5764516994299935,1.7977564668450203
>44,2022-03,2022-03-01,middle,6.010191096310594,4.717239017124765,1.4763301391920751
>44,2022-03,2022-03-01,zero,6.212185088009879,4.902787302542217,1.3469646890488356
>44,2022-04,2022-04-01,high,6.231126798024079,4.303180052406982,2.0214230592066293
>44,2022-04,2022-04-01,middle,5.992667680828392,4.541580801082815,1.627541817430609
>44,2022-04,2022-04-01,zero,6.197333863941807,4.8107720850081,1.4550066804225605
>44,2022-05,2022-05-01,high,6.218047020371115,4.531350106478231,1.8967165026095594
>44,2022-05,2022-05-01,middle,6.020800508275731,4.577068476994302,1.5791983740426792
>44,2022-05,2022-05-01,zero,6.180230059397167,4.764340944987346,1.4304686162307236
>44,2022-06,2022-06-01,high,6.208452756072233,4.413339742301001,1.922741329523009
>44,2022-06,2022-06-01,middle,6.017504342582767,4.616078497383423,1.5162492331694986
>44,2022-06,2022-06-01,zero,6.133295289769758,4.846229713409237,1.3251401066223754
>44,2022-07,2022-07-01,high,6.228003705135581,4.352772220412583,1.9896280965775321
>44,2022-07,2022-07-01,middle,6.051481593214418,4.5272844163559345,1.563566767414493
>44,2022-07,2022-07-01,zero,6.129528846374181,4.775597587630603,1.4018927530603154
>44,2022-08,2022-08-01,high,6.2381572745440454,3.991500407054336,2.3718200570180303
>44,2022-08,2022-08-01,middle,6.013820081553521,4.34177830377024,1.8552359920039985
>44,2022-08,2022-08-01,zero,6.135305352152694,4.544140217082309,1.6495111691144897
>44,2022-09,2022-09-01,high,6.204445779509671,4.458839898628324,1.8799779495708473
>44,2022-09,2022-09-01,middle,6.0134440282627315,4.7296161035278,1.4847994046409805
>44,2022-09,2022-09-01,zero,6.130358009527094,4.788111516814858,1.4067609402893622
>44,2022-10,2022-10-01,high,6.226066736833489,4.509017264644759,1.8944185673245098
>44,2022-10,2022-10-01,middle,6.004500319313902,4.725134798527971,1.5290332027866025
>44,2022-10,2022-10-01,zero,6.136484743434457,4.785583347175276,1.4155242307036873
>44,2022-11,2022-11-01,high,6.219814527369159,4.352362535401392,2.021879524963199
>44,2022-11,2022-11-01,middle,6.006894511547025,4.463405004796318,1.5946826882278449
>44,2022-11,2022-11-01,zero,6.133738616247232,4.62960193292375,1.5349646864727091
>44,2022-12,2022-12-01,high,6.218660997520348,4.121102284639426,2.2330773364192917
>44,2022-12,2022-12-01,middle,5.998664026602966,4.311022130639947,1.8357925614024215
>44,2022-12,2022-12-01,zero,6.124207105360611,4.433371560511403,1.7445212968501436
>44,2023-01,2023-01-01,high,6.230225551242042,4.252338874653288,2.086657317631851
>44,2023-01,2023-01-01,middle,6.007924419456949,4.379856914474557,1.7451667151470445
>44,2023-01,2023-01-01,zero,6.139593335064821,4.670859530729397,1.5516088396621697
>44,2023-02,2023-02-01,high,6.225247293793893,4.303399976370007,2.0599759913240034
>44,2023-02,2023-02-01,middle,6.006334503522703,4.490328867969433,1.685209840300568
>44,2023-02,2023-02-01,zero,6.162052435184447,4.547229667985515,1.6672821822994863
>44,2023-03,2023-03-01,high,6.218143327388819,4.33280522125481,1.9669067946994987
>44,2023-03,2023-03-01,middle,5.99020550275634,4.636387711197261,1.5201770157696683
>44,2023-03,2023-03-01,zero,6.122247473979401,4.7074343446083455,1.4388816934683883
>44,2023-04,2023-04-01,high,6.205371466781446,4.285548710198197,2.0941981236822405
>44,2023-04,2023-04-01,middle,5.974790889667662,4.361588178476605,1.7340741770816714
>44,2023-04,2023-04-01,zero,6.1045890609851545,4.509582544655785,1.649522575677577
>44,2023-05,2023-05-01,high,6.208190800250495,4.308672269014822,1.9700899993564165
>44,2023-05,2023-05-01,middle,5.949497532883423,4.538219699974793,1.5144827282088142
>44,2023-05,2023-05-01,zero,6.094293351715198,4.690783989018555,1.4629100908373311
>44,2023-06,2023-06-01,high,6.2066610808952385,4.324697175845598,1.987202576216877
>44,2023-06,2023-06-01,middle,5.93885808850023,4.5503553285095135,1.5945810456209206
>44,2023-06,2023-06-01,zero,6.083353347684652,4.694525246025889,1.453917344594607
>44,2023-07,2023-07-01,high,6.21472239792601,4.22585703207881,2.111015096474478
>44,2023-07,2023-07-01,middle,6.007503571928934,4.536746377967126,1.7058735784935384
>44,2023-07,2023-07-01,zero,6.0797897870692506,4.588582508195794,1.5478554863085088
>44,2023-08,2023-08-01,high,6.222085465594065,3.800567001688722,2.51686523124297
>44,2023-08,2023-08-01,middle,5.975058361148628,4.17272897608569,1.9984989054739575
>44,2023-08,2023-08-01,zero,6.085712458101406,4.3345729716913555,1.8097764801557954
>44,2023-09,2023-09-01,high,6.184797626267284,4.3439982766143315,2.006886306486961
>44,2023-09,2023-09-01,middle,6.010941880971076,4.652277893389635,1.5415312605302494
>44,2023-09,2023-09-01,zero,6.082984806430931,4.6442992205840845,1.4812752006227945
>44,2023-10,2023-10-01,high,6.219117343876137,4.363100221396182,2.011078564911607
>44,2023-10,2023-10-01,middle,5.971381329860248,4.6386635057591326,1.5760905526280025
>44,2023-10,2023-10-01,zero,6.101676210798144,4.665361864330471,1.4965830220406577
>44,2023-11,2023-11-01,high,6.2075740629066845,4.257870959362618,2.0549644106289415
>44,2023-11,2023-11-01,middle,5.964163792949448,4.406990282322073,1.6452199764585198
>44,2023-11,2023-11-01,zero,6.100647247554119,4.609501365352877,1.520510423797629
>44,2023-12,2023-12-01,high,6.211780348296922,4.085645273701776,2.259879124561948
>44,2023-12,2023-12-01,middle,5.959907704155173,4.3400732319264455,1.8613333147551292
>44,2023-12,2023-12-01,zero,6.0970937237175615,4.3454673590309305,1.8017053347816403
>44,2024-01,2024-01-01,high,6.216556698689486,4.28394495525331,2.056254641303568
>44,2024-01,2024-01-01,middle,5.945680897911607,4.607312507463633,1.5852074757677437
>44,2024-01,2024-01-01,zero,6.10661230143849,4.659540855181846,1.5231510416015388
>44,2024-02,2024-02-01,high,6.208679938576884,4.352523011788306,2.022718494258509
>44,2024-02,2024-02-01,middle,5.946456691254287,4.569392442462239,1.611313942102078
>44,2024-02,2024-02-01,zero,6.102959398198352,4.565203443652145,1.5888487487298109
>44,2024-03,2024-03-01,high,6.2175111313268046,4.184148538091438,2.1454695110762607
>44,2024-03,2024-03-01,middle,5.939730910008328,4.351727743919127,1.7502493582791878
>44,2024-03,2024-03-01,zero,6.1054748163831185,4.550971406342071,1.638564827574468
>44,2024-04,2024-04-01,high,6.216070277088653,4.294484722059186,2.028240163653074
>44,2024-04,2024-04-01,middle,5.970842181299737,4.5481928913137155,1.603911572357872
>44,2024-04,2024-04-01,zero,6.088359106701304,4.574828594518016,1.548010918034168
>44,2024-06,2024-06-01,high,6.187723994398063,4.226357032427583,2.058090054540533
>44,2024-06,2024-06-01,middle,5.939278728976097,4.46636938572643,1.6297983880570281
>44,2024-06,2024-06-01,zero,6.058071703175258,4.548778689819993,1.5519635066730852
>44,2024-07,2024-07-01,high,6.198943466601539,4.241746800087342,2.053759373781233
>44,2024-07,2024-07-01,middle,5.972102265395502,4.452593595394426,1.6346105109070452
>44,2024-07,2024-07-01,zero,6.05198161031243,4.653864735190905,1.4547528146103808
>44,2024-08,2024-08-01,high,6.214827237505138,3.8574421866756348,2.537421806715489
>44,2024-08,2024-08-01,middle,5.944542660721112,4.12981482597071,2.0533400832525586
>44,2024-08,2024-08-01,zero,6.058821588070988,4.317790233441515,1.8002557496662341
>44,2024-09,2024-09-01,high,6.196730953668411,4.366348777734566,1.9937883520396091
>44,2024-09,2024-09-01,middle,5.934060750997831,4.569485184373477,1.522047564780281
>44,2024-09,2024-09-01,zero,6.0548378284435165,4.657655632397809,1.4525846442090928
>44,2024-10,2024-10-01,high,6.196837582875098,4.415004094455779,1.9344246275629324
>44,2024-10,2024-10-01,middle,5.937144501933477,4.6384923990856475,1.4854298038236409
>44,2024-10,2024-10-01,zero,6.061013349368294,4.73117785248061,1.376749978365698
>44,2024-11,2024-11-01,high,6.200740908119436,4.382896098372926,1.9813942616600317
>44,2024-11,2024-11-01,middle,5.943150078681831,4.52077044899491,1.5972956158276004
>44,2024-11,2024-11-01,zero,6.062491177430548,4.595889714448294,1.5090649641033378
>44,2024-12,2024-12-01,high,6.199864063421559,4.1168942409339495,2.26989389280839
>44,2024-12,2024-12-01,middle,5.936798247095946,4.2515258824742,1.8678625109133888
>44,2024-12,2024-12-01,zero,6.065971077305919,4.39037009200299,1.7437663053976842
>44,2025-01,2025-01-01,high,6.210994738915895,4.3647118842000765,2.037333080247389
>44,2025-01,2025-01-01,middle,6.002396161419831,4.5111694484410405,1.601987194782687
>44,2025-01,2025-01-01,zero,6.0764981297280425,4.653356215111828,1.4877700767541742
>44,2025-02,2025-02-01,high,6.21782691324326,4.234632651708183,2.150915416385592
>44,2025-02,2025-02-01,middle,5.981985554502845,4.400090301701261,1.7288650284553597
>44,2025-02,2025-02-01,zero,6.0624294674384975,4.552674838316038,1.5987942397925812
>44,2025-03,2025-03-01,high,6.214131082365773,4.312858063651994,2.0757363259714507
>44,2025-03,2025-03-01,middle,5.9793105694699245,4.52946469403209,1.5958484806266966
>44,2025-03,2025-03-01,zero,6.057529323656152,4.659486467315478,1.4926410550398164
>44,2025-04,2025-04-01,high,6.203137393331038,4.26932564374497,2.101605591517475
>44,2025-04,2025-04-01,middle,5.966989636305108,4.377978406683842,1.6874368855039712
>44,2025-04,2025-04-01,zero,6.0423471080358,4.564816501882626,1.5448381033762875
>44,2025-05,2025-05-01,high,6.191390419372821,4.238314835511988,2.0976471009950837
>44,2025-05,2025-05-01,middle,5.95005003533887,4.475223873956415,1.597527258260653
>44,2025-05,2025-05-01,zero,6.022128453634607,4.609849428293294,1.5054821601509796
>44,2025-06,2025-06-01,high,6.181821134292524,4.284928854954183,2.0641914987637637
>44,2025-06,2025-06-01,middle,5.937933379069937,4.509224573605895,1.6268900646358533
>44,2025-06,2025-06-01,zero,6.00317997142413,4.5549822939347955,1.4980731350279883
>44,2025-07,2025-07-01,high,6.195707389017275,4.27029806519027,2.0871371654206516
>44,2025-07,2025-07-01,middle,5.966105266993775,4.467324320118768,1.6823319097264948
>44,2025-07,2025-07-01,zero,6.002351272170331,4.63154278860197,1.4090354661101685
>44,2025-08,2025-08-01,high,6.208865182071924,3.790492649252478,2.5777003832552032
>44,2025-08,2025-08-01,middle,5.968140687473464,4.137244787885986,1.9947766029518068
>44,2025-08,2025-08-01,zero,6.009596721633124,4.266518126362365,1.8099202302471367
>44,2025-09,2025-09-01,high,6.193903133683368,4.34526958086224,1.936204187516489
>44,2025-09,2025-09-01,middle,5.867005977532716,4.5626460677967735,1.4202070088610823
>44,2025-09,2025-09-01,zero,5.9988373508274035,4.688939205102099,1.340114950653018
>44,2025-10,2025-10-01,high,6.198775925233771,4.478216046441344,1.8842687379623415
>44,2025-10,2025-10-01,middle,5.898793154365772,4.642061872632606,1.411829289007222
>44,2025-10,2025-10-01,zero,6.035868935736992,4.752488401762329,1.3379915908783016
>44,2025-11,2025-11-01,high,6.203518566114365,4.343322108650281,2.05160392131476
>44,2025-11,2025-11-01,middle,5.898809246358691,4.374344311964878,1.6761030576440143
>44,2025-11,2025-11-01,zero,6.012748777407904,4.538536279065986,1.5147172102834405
>44,2025-12,2025-12-01,high,6.198713642142908,4.137751425393947,2.2434949199930676
>44,2025-12,2025-12-01,middle,5.908495060025453,4.244310738830049,1.8123677738023918
>44,2025-12,2025-12-01,zero,6.02268155467863,4.332844790833066,1.7180311485835522
>44,2026-01,2026-01-01,high,6.205565840353792,4.250296574798331,2.0905313324731973
>44,2026-01,2026-01-01,middle,5.907578544187397,4.488567198088982,1.6848808479258688
>44,2026-01,2026-01-01,zero,6.026651699278816,4.618599942633068,1.475428271387672
>44,2026-02,2026-02-01,high,6.2017817503480765,4.248719601680376,2.12056089656365
>44,2026-02,2026-02-01,middle,5.903038927756363,4.372218501675357,1.7229348132679072
>44,2026-02,2026-02-01,zero,6.0175792372130035,4.5487488836842624,1.5530781832656932
>44,2026-03,2026-03-01,high,6.215032134937987,4.413157699347005,1.983697578401125
>44,2026-03,2026-03-01,middle,5.885902513521856,4.44596527160949,1.5997422527277718
>44,2026-03,2026-03-01,zero,6.014830290808582,4.633344597885406,1.4367903228354035
