design,control_unit,screening_pre_distance,sc_weight,sdid_unit_weight
total_ocup4d,3629,2.0271401673378935,0.02624089567315011,0.026425305225663377
total_ocup4d,0012,3.328657703032307,0.035068426542998084,0.02174575961857935
total_ocup4d,9490,2.6146578605067354,0.046808597413058844,0.021288210362829667
total_ocup4d,1311,2.322800213915747,0.02511886246354029,0.020561624024616122
total_ocup4d,7112,2.635263804384274,0.008660069176841442,0.020048157677516415
total_ocup4d,1112,1.7129999414682713,0.018861032378842596,0.01953255264554039
total_ocup4d,2824,2.29688960801951,0.06495668104868993,0.018857936566140956
total_ocup4d,3734,0.1957390839665241,0.007570240350345442,0.01864087424193932
total_ocup4d,2158,2.1389564002394583,0.010398963226426694,0.017978039872298443
total_ocup4d,3724,2.670436734180782,0.03819511756667949,0.01792251047678917
total_ocup4d,2464,1.3491591068642244,0.009592861450931578,0.017900857842009114
total_ocup4d,9223,0.8366901215875214,0.02157429371596456,0.017203675321801296
total_ocup4d,5991,3.5277565830627564,0.0045494453010675355,0.015016154263383617
total_ocup4d,3622,1.9880329189226449,0.005082234433413634,0.0150017842262901
total_ocup4d,7295,1.2591743726591624,0.018764941862719178,0.014776376792649544
total_ocup4d,3206,2.342210645752303,0.0651277649293594,0.014533385451937138
total_ocup4d,3713,1.374280179593282,0.01006164310260479,0.014190406496634136
total_ocup4d,8411,1.8904243659910476,0.025584225592680154,0.013293781406347183
total_ocup4d,0011,2.110499428963031,0.009112124049810969,0.013157086965247113
total_ocup4d,3723,2.2668245410121672,0.01747459873862523,0.013080037614258884
total_ocup4d,2251,2.1855263254624018,0.012562979869003569,0.012838712627168168
total_ocup4d,2443,0.23834074407710226,0.004429112459166359,0.012686703694657889
total_ocup4d,3533,2.385898114909481,0.005370391746639036,0.012574771254292955
total_ocup4d,3339,1.0321995231836665,0.012308377048739801,0.012462560019114463
total_ocup4d,2473,0.7549954573254058,0.003152593640379121,0.011335495233031219
total_ocup4d,3732,1.6271374695048624,0.004797142441983906,0.010351317298251717
total_ocup4d,3155,3.8384543632560586,0.005361578952069684,0.009700574202991462
total_ocup4d,2154,0.7922914875734693,0.0023641501739457608,0.00962177901696498
total_ocup4d,3331,0.5271726531102466,0.006318534054853924,0.009537280450912268
total_ocup4d,3329,0.6718259235065495,0.003595435580855025,0.009324315648755811
total_ocup4d,3831,1.959789897015106,0.005824954778760813,0.009240549871834584
total_ocup4d,7705,2.0362578848854027,0.008481863128414745,0.008828684088650209
total_ocup4d,7623,0.10014972736509477,0.003504336439367433,0.008728569403500652
total_ocup4d,3316,0.32577128632011254,0.0038889460423711213,0.008715900650267751
total_ocup4d,2435,0.3592984667403988,0.0038683424696478483,0.008691367702121797
total_ocup4d,3722,0.7265730957169982,0.005634806498019428,0.008683369008821787
total_ocup4d,5812,2.7863640159615004,0.0050771952442628596,0.008404780139718748
total_ocup4d,7832,0.016585343719096503,0.002883712867107965,0.00813668515435282
total_ocup4d,8132,0.8080081957645895,0.004737712926578665,0.007378437077434319
total_ocup4d,5120,4.944537237286099,0.005408222736831137,0.007355631879464011
total_ocup4d,7315,0.6642441622265647,0.003483975885725615,0.007250404536256713
total_ocup4d,8340,0.128172102739358,0.004558683945997358,0.0072232993038737784
total_ocup4d,7836,2.3788702177903387,0.002872677495000139,0.007175528310643067
total_ocup4d,1429,2.2396225137841177,0.003518903320508554,0.006941732644787509
total_ocup4d,3715,1.5594909480000134,0.004022546085361279,0.006868122929053152
total_ocup4d,3321,0.5921398943647378,0.0036281755021253014,0.006859578190394288
total_ocup4d,7616,0.3066751692371916,0.004211848997008463,0.006518064602629687
total_ocup4d,4446,1.216267758542293,0.006521395064617186,0.006342075271521786
total_ocup4d,9100,3.2968636819313613,0.004997572627386768,0.006329787791916221
total_ocup4d,1212,0.335737248653988,0.0027068255693164373,0.006262575659641414
total_ocup4d,1422,0.44308584952499824,0.004194641086508689,0.006082515775578794
total_ocup4d,8145,0.986832890169084,0.0028923103152732033,0.006053951503146653
total_ocup4d,8311,0.30712426432109946,0.003612865177773929,0.005991612209537447
total_ocup4d,0020,0.16145628719969052,0.003645930056484507,0.0058932138729604275
total_ocup4d,1421,0.07226685213074968,0.0028882986946577567,0.005833631674028318
total_ocup4d,9520,0.3738032754234737,0.0038263773265348705,0.005832868042375818
total_ocup4d,3126,1.2378077355901718,0.0038367908530318614,0.005753971046944918
total_ocup4d,2469,0.46417798439799174,0.003114579190859239,0.0057110247009588815
total_ocup4d,9221,1.5699826956009106,0.003709494651467543,0.005532653059815664
total_ocup4d,9320,0.39816643194554946,0.0037624015347445727,0.005515198146425535
total_ocup4d,5892,0.7036146032226391,0.0032934793510671083,0.005512427764914305
total_ocup4d,2112,0.6400849888200845,7.016255827839129e-05,0.005444110296026925
total_ocup4d,3833,0.5948034791514515,0.0036169389474341954,0.005114823188852174
total_ocup4d,7612,2.6245094387119132,0.0018457071914961224,0.005091661613451104
total_ocup4d,5993,0.6425585035839232,0.0023680391148111564,0.0050265255742955855
total_ocup4d,3733,1.149736440795927,0.0036369168755246506,0.0049485915149500865
total_ocup4d,3110,2.0685406608832495,0.003229132508900945,0.00488645001519848
total_ocup4d,7611,1.1877430117788956,0.0030971434902506605,0.004638135068809767
total_ocup4d,2155,0.44957284283692395,0.0030467152120948887,0.004540409127354174
total_ocup4d,2151,1.058497171037502,0.0017164957677911514,0.004446282726332473
total_ocup4d,5430,1.3647341151139618,0.003049768710617285,0.004138823098147056
total_ocup4d,7704,0.8855018155296596,0.0031275467467160524,0.004110904788632776
total_ocup4d,7533,1.4269760326020953,0.003226000624562052,0.00390758496826412
total_ocup4d,7294,0.06372239885749428,0.0025722829279765467,0.0038938787325491077
total_ocup4d,2422,0.6408656658924142,0.003132054907434057,0.0038660899021163843
total_ocup4d,8191,0.6105922738640888,0.0031112193525611076,0.0038618185547486094
total_ocup4d,5832,3.8068999329711515,0.002651681539535774,0.0038320077949779894
total_ocup4d,3314,1.378544541488933,0.002361088758406577,0.0038138002259301166
total_ocup4d,4424,1.9441841597664173,0.003322183041364093,0.003698153129263523
total_ocup4d,3711,0.3993247900598731,0.0022529561062437343,0.0036618074651734263
total_ocup4d,7701,1.8414364884743704,0.003400927045612829,0.0036394583398728
total_ocup4d,2461,0.618756417696472,0.0016179519225875847,0.0036129709592584
total_ocup4d,5893,0.5573742424798505,0.0028864382129613238,0.003583108397770029
total_ocup4d,6209,0.23020784711154416,0.0026789107241344664,0.0034255036703914397
total_ocup4d,2466,1.1814668169332676,0.0023812200290595693,0.0034197923841804106
total_ocup4d,9820,3.520430588420217,0.003492365121341919,0.003338717149087016
total_ocup4d,5622,0.4145749400749859,0.001833697018580189,0.0033310201342913346
total_ocup4d,8122,0.8673273768206404,0.0023346354406423736,0.003306769461140458
total_ocup4d,2424,0.33778702059271853,0.002275700639458037,0.0032908004903823753
total_ocup4d,8420,1.0470409599668788,0.0024196693434407205,0.003273610511960837
total_ocup4d,6300,1.798086428012439,0.0029152055212339064,0.0031979152947117385
total_ocup4d,2911,0.12004030777348636,0.0025560747350134552,0.003175285315417345
total_ocup4d,2483,1.0594687082209162,0.0020458464026111072,0.0031347314187343653
total_ocup4d,3612,1.4092696685185442,0.0026359971119017337,0.003086478259864608
total_ocup4d,7521,2.0594206655274343,0.002760786225783116,0.00305233847055396
total_ocup4d,7324,1.3250016979589947,0.0020026952250974477,0.0029709289977004156
total_ocup4d,5710,2.9421041780672215,0.002970140536733819,0.0029277480503581118
total_ocup4d,7191,2.018472567921266,0.003189170718070649,0.0028812824497562984
total_ocup4d,8111,0.3926680983461131,0.0019311205455633902,0.0027401991166591242
total_ocup4d,9811,4.059177763966213,0.00340074929175905,0.0027068641302848864
total_ocup4d,8155,1.351503375675475,0.0015505410318982376,0.0026799468738329365
total_ocup4d,7532,3.261564103448048,0.0021335471323196465,0.0025799896732252255
total_ocup4d,8440,0.5785060224924193,0.002700519196374692,0.002545801253697468
total_ocup4d,9222,0.07820217533235853,0.0020186607615378283,0.0024658803336193055
total_ocup4d,8312,3.3991216696972106,0.0015112989274517164,0.002464556610759599
total_ocup4d,7405,1.3632973940297843,0.0022563953210415844,0.0023706748098412194
total_ocup4d,7401,2.898506808771902,0.002654240647101606,0.0023661908242592505
total_ocup4d,7531,0.9031271219261306,0.002321963391775318,0.002364583617175137
total_ocup4d,4442,0.23061865838468323,0.0025149225091088603,0.0023204609882939596
total_ocup4d,5941,1.8714266309680283,0.0026480435736301166,0.002316611271682846
total_ocup4d,3405,1.6524911840051477,0.002182535157088175,0.0023163005447201326
total_ocup4d,5629,2.643970206722155,0.002478843219146298,0.0023031428923074157
total_ocup4d,8114,0.2909577553473053,0.0021409442078676546,0.0022578299500840486
total_ocup4d,7613,0.4250949121456862,0.0022449265675866716,0.0022562821797632695
total_ocup4d,8153,2.799456975438627,0.0025372717599517636,0.0022162115896894883
total_ocup4d,7894,1.420756613432815,0.0021070014499034112,0.0022094401024355978
total_ocup4d,3123,1.5718907384479355,0.002430306053358283,0.002192220288146401
total_ocup4d,9210,5.824038447810449,0.0034014014904076343,0.0021874444156078834
total_ocup4d,9443,2.3980283928208954,0.0027251534870039048,0.002158939475956236
total_ocup4d,3326,0.771029383442051,0.0024156578639175008,0.00215029186623471
total_ocup4d,7614,0.19474135133349674,0.002072431688277759,0.002036333162103297
total_ocup4d,7122,0.0678359437028541,0.0022027530710276495,0.002000490382668355
total_ocup4d,5942,2.788034529879235,0.002541537600244046,0.0019916265672545556
total_ocup4d,3204,2.2638687901393495,0.0016484913317932302,0.00199137381414178
total_ocup4d,4121,1.8020234791465704,0.0022679808614197465,0.0019760654958941057
total_ocup4d,3209,0.07008271455527512,0.0020401584102615303,0.0019292888379099898
total_ocup4d,7622,1.0788251669989395,0.002154820757573788,0.0019267877042740617
total_ocup4d,4423,1.80867278513723,0.00220852892043005,0.001899853367275836
total_ocup4d,8412,3.5057482838514917,0.0024897637208450007,0.00182157254020263
total_ocup4d,8431,0.16035307569311436,0.0022819688453817417,0.0017719665541670933
total_ocup4d,7891,1.0395035018022352,0.002126089658885329,0.0017646067802659542
total_ocup4d,7132,1.9259881765058808,0.002004156065786019,0.0016565140532081852
total_ocup4d,7321,0.15593393507748565,0.0018781649091535704,0.001655663029081465
total_ocup4d,7837,1.208592369238247,0.0017857949299987508,0.0016498123031667656
total_ocup4d,4443,0.5663230595351305,0.001940140316220253,0.0016486545285859485
total_ocup4d,4221,1.6538945197110704,0.00223188872063754,0.001625467359227527
total_ocup4d,9700,5.330482805315016,0.002731817656402528,0.0016135218973942853
total_ocup4d,7510,2.7416899317851278,0.002174547553395215,0.0016034405556435097
total_ocup4d,7703,2.0500771931019512,0.0023130487811627624,0.0015907905140640824
total_ocup4d,7709,0.661104506189974,0.002092661246545346,0.001551720491579674
total_ocup4d,8202,1.514823722134792,0.0020859661324903185,0.001546432662467389
total_ocup4d,7820,0.9369585429915473,0.0018744794024783298,0.001544335302854803
total_ocup4d,7131,2.7854797833635985,0.0021238014422134206,0.0015245908754571167
total_ocup4d,7403,1.850538101128513,0.0022227779480944367,0.001504068559321986
total_ocup4d,3324,1.388298640636047,0.0015889923232722699,0.0014932292467284443
total_ocup4d,9530,0.33272615612272965,0.002250012333172711,0.0014615364423741332
total_ocup4d,9441,0.37141578542100906,0.0020670593691455874,0.0014605060641837057
total_ocup4d,8432,2.9074828506152217,0.00225079618333181,0.0014521939079524186
total_ocup4d,8333,1.9747680208685152,0.002428194202217023,0.0014498233360911853
total_ocup4d,5000,0.211639512278041,0.002006116581931634,0.0014496092566438528
total_ocup4d,8170,0.7744710657096145,0.0020431142917954307,0.0014312312817621091
total_ocup4d,7212,1.2560849792707403,0.001736810583916598,0.0013929104338516794
total_ocup4d,7232,1.3638664556299915,0.0018786884920941969,0.0013865638315465065
total_ocup4d,1111,2.4669515924334444,0.001813563886746786,0.0013784075788655687
total_ocup4d,3132,0.04698444687933226,0.0016483444964411785,0.0013759731921967474
total_ocup4d,7835,0.5371889851956528,0.001792797830602532,0.0013386394943375817
total_ocup4d,3325,0.7025200148871031,0.0017638084533406135,0.0013261307894006163
total_ocup4d,5992,1.5879252214922872,0.0020192957709618403,0.001294903781680374
total_ocup4d,8112,0.04484002694097928,0.0015033189672172622,0.0012695940614308272
total_ocup4d,7313,1.8353882629336373,0.0019068936224852365,0.0012494027864406452
total_ocup4d,7231,3.2384229956007555,0.00208626552374519,0.0012454220388220135
total_ocup4d,9603,1.4432826072283567,0.001818992830675347,0.0012453241154413732
total_ocup4d,8160,0.8399166852798103,0.001934556466220347,0.0012154632104428094
total_ocup4d,7111,2.630740660329579,0.001988191642104538,0.0011967804583529796
total_ocup4d,7293,0.21901627653869396,0.0017909139626671588,0.001190740279162847
total_ocup4d,5611,3.4376594930458246,0.0016131648393167667,0.0011860738434578055
total_ocup4d,6202,0.9599634278512804,0.0015766872710519142,0.0011858026179712379
total_ocup4d,9543,1.7610773949126923,0.0017097789087755994,0.0011786953610522513
total_ocup4d,9229,0.4334636464227732,0.0016435021135484988,0.0011558058458795407
total_ocup4d,2436,1.4292530242123211,0.001057427509402895,0.0011117741349848055
total_ocup4d,8193,1.0469570304480358,0.001652259402647157,0.001109623421037062
total_ocup4d,2159,1.3869701988244674,0.0013354452974558937,0.001100412075514265
total_ocup4d,7211,1.1044391902035449,0.0015477322855352669,0.0010807125397101552
total_ocup4d,7323,1.4522822113414717,0.0016335949886458277,0.0010621876836330309
total_ocup4d,5612,0.2104679604759119,0.001433370529005891,0.0010497263703478016
total_ocup4d,8144,0.5899838303494616,0.001495088877962396,0.0010459328771571647
total_ocup4d,7222,0.6814663931391454,0.0012757637096040167,0.001039600339179514
total_ocup4d,8151,0.2809621973578813,0.0014699055145941556,0.001027635049622699
total_ocup4d,7892,2.3241990850084897,0.0018092685003488226,0.0010221382116531565
total_ocup4d,8156,1.6609331157878533,0.0015237075720397194,0.00102123158306765
total_ocup4d,8131,0.047294825018922196,0.0015125196977879938,0.0010161777502462942
total_ocup4d,7193,0.8458091217379091,0.001464078912210589,0.0010116628163252457
total_ocup4d,6423,0.5785949375026609,0.0017040202675270121,0.000986485208194316
total_ocup4d,7121,4.220542941035753,0.0017360502447041843,0.000962304219543123
total_ocup4d,3712,2.4801393727808767,0.001209632312452006,0.0009565498215236059
total_ocup4d,8332,1.4124647315684093,0.001610999978189432,0.0009345141940383915
total_ocup4d,8201,1.0137009554644338,0.0018413375052666466,0.0009245216025127113
total_ocup4d,7240,1.723083102772526,0.0015374706281008083,0.0009186160002460645
total_ocup4d,7322,1.1569083119111585,0.0015886359164418763,0.0009133326327497914
total_ocup4d,8141,0.5655781023021458,0.0016938320823082513,0.0009057636469152751
total_ocup4d,8113,1.2799588030703895,0.0012752048718851629,0.0008986885847287021
total_ocup4d,2465,0.9832809346784473,0.0011730764224442828,0.0008974019950908704
total_ocup4d,6205,0.929609893740734,0.0017178633133348206,0.0008946718169802976
total_ocup4d,3153,0.9466072599024627,0.0010259315932344157,0.0008885596798160443
total_ocup4d,7312,2.469320832958785,0.0015954687823870335,0.0008481832283345875
total_ocup4d,7812,0.23371802715915532,0.0013990331142528498,0.0008286358578152065
total_ocup4d,3205,2.69567151008132,0.001294414191175335,0.0008075972464984602
total_ocup4d,9442,0.9268922550046221,0.001425466843872875,0.0008038012889409252
total_ocup4d,8143,0.5727688842612237,0.0013160536127063754,0.0007956729279423179
total_ocup4d,3317,1.9362142100340238,0.0011962069544301753,0.0007848761151169044
total_ocup4d,8209,1.755091762019739,0.0015276520161712174,0.0007678070295959814
total_ocup4d,3315,2.7582031066890385,0.0008564683762961511,0.0007567529568889201
total_ocup4d,3151,0.7959913350576329,0.0013311698607299995,0.0007435918183995692
total_ocup4d,3152,1.1295360467055864,0.0012980600367893064,0.0007174255108242111
total_ocup4d,6203,1.2047891730193498,0.0012963847441023995,0.0006958609821853366
total_ocup4d,6422,1.9977906885730017,0.0011968480471015882,0.0006866934168094398
total_ocup4d,7402,1.9560029287604006,0.0013573993259382564,0.0006855163226768468
total_ocup4d,7314,0.9493579466764569,0.0014179736627929183,0.0006802444478139134
total_ocup4d,7522,0.8022638129443898,0.0012571344526937582,0.0006751111345515647
total_ocup4d,7708,2.1402208208442643,0.000927291803548498,0.0006542013348763512
total_ocup4d,1312,2.948816178306065,0.0011012056149841338,0.000646804756446013
total_ocup4d,7199,1.2639957887388,0.00124348970095567,0.000639680271526938
total_ocup4d,8121,0.2583802500696914,0.0011664191995351117,0.0006313379768131962
total_ocup4d,7404,2.060557345499378,0.0010499331363277601,0.0006248736262143752
total_ocup4d,6410,0.9839841560115011,0.001200706708147407,0.0006186851818600405
total_ocup4d,3721,0.24329419368209665,0.0009326701854764415,0.0006145593503892372
total_ocup4d,8192,2.109245098083743,0.001373290763361425,0.0006076301436553776
total_ocup4d,3125,3.093796652592983,0.0011172659615038265,0.0006046731641231801
total_ocup4d,2121,0.9682905412780513,0.0006412551327372887,0.000591134076079075
total_ocup4d,9434,1.0916983249653016,0.0010400971908443874,0.0005881073132433049
total_ocup4d,7811,1.2736059362496912,0.0011462359565576174,0.0005786513121910134
total_ocup4d,8142,1.0347968330045643,0.0012760160254213706,0.0005755096909606634
total_ocup4d,2423,1.8209254434178488,0.0008430392260848154,0.0005664566301621052
total_ocup4d,3207,1.6880908719052565,0.0010834655986747654,0.0005636570616438092
total_ocup4d,8321,0.08332867209518766,0.0011083647037986655,0.000557567591804477
total_ocup4d,7311,2.5124325858932015,0.0008935407241656243,0.0005530591891084892
total_ocup4d,6421,1.1717007374397697,0.0013011025960247855,0.0005338010150880881
total_ocup4d,8331,1.63040645689474,0.0012561675089101095,0.0005182321192724861
total_ocup4d,5493,2.0427050450042845,0.0010209564295586616,0.000510003830978285
total_ocup4d,7615,2.026322283725841,0.0010117982650219314,0.00047363087944304915
total_ocup4d,2157,2.1365653429318643,0.0009391433516282855,0.0004701362898807894
total_ocup4d,7702,0.44451540020755714,0.0013881776686644593,0.0004688230488315366
total_ocup4d,9542,1.7184712444299928,0.0010086955462278529,0.0004677593776138171
total_ocup4d,7707,0.9332383206556,0.0007630611606341204,0.0004246940762138892
total_ocup4d,5910,3.5566782772467045,0.0007942014081884933,0.00042233394506471566
total_ocup4d,6204,2.8913062930463305,0.0008391931771076807,0.00041107102698644736
total_ocup4d,5931,1.60043469820844,0.0008645785783695194,0.00039324708202918016
total_ocup4d,2623,3.228931501922024,0.0009582838973214194,0.00038549671274756256
total_ocup4d,8322,2.4119601983262924,0.000742626876181909,0.0003576011156486688
total_ocup4d,3311,1.8398787803180137,0.00077824098358693,0.00029161510117085317
total_ocup4d,3135,2.8772252664233164,0.0005129479639135756,0.0002244600616727553
total_ocup4d,7706,2.520909152754623,0.000573947163824684,0.00022202616495324088
total_ocup4d,6201,2.004528814354414,0.0005576477353158491,0.0002149200847598976
total_ocup4d,2452,3.6523562148287456,0.000501797756151661,0.00020412419222139318
total_ocup4d,2111,0.30173108533223003,0.0006165129899050107,0.0001927036067395729
total_ocup4d,9812,4.393447403653096,0.0006345952838554407,0.0001872043058433257
total_ocup4d,7192,3.719891484347996,0.0003941900012644072,0.00014802135899869093
total_ocup4d,3154,4.059109244931395,0.0003129324831171182,0.00013777472320695877
total_ocup4d,3133,3.337117218079806,0.00045683045518355933,0.00013632739873648014
total_ocup4d,9541,3.1955079337746035,0.00037380942559601536,0.00011724977634346948
province_ocup4d,"Rioja, La::3722",0.18807708490179204,0.021221008607733353,0.004976270869344821
province_ocup4d,Castellón/Castelló::1421,0.18397704257151226,0.00903021058995601,0.0036809205674420823
province_ocup4d,Murcia::2473,0.2061808085042272,0.007645181556135821,0.003650133677637924
province_ocup4d,Albacete::4443,0.21593766350907767,0.006557046744467777,0.003302277741517507
province_ocup4d,Cantabria::2154,0.22827521554323837,0.005118666232811425,0.00320383900632669
province_ocup4d,Bizkaia::7295,0.18270488389371436,0.004412124716370428,0.0031849230095812252
province_ocup4d,Bizkaia::7613,0.22754663234717012,0.006055399106654933,0.0031755390611020035
province_ocup4d,Jaén::9441,0.21179618343386472,0.004195524521690751,0.0031731441369508805
province_ocup4d,Huesca::7533,0.1377520529056432,0.004436599691951581,0.003151075882098271
province_ocup4d,Huelva::3321,0.2356976797460996,0.0031600432547106492,0.003130389266503829
province_ocup4d,Valencia/València::2423,0.19597294211218427,0.003490956489991992,0.0031289372880125917
province_ocup4d,Bizkaia::8191,0.2323641567955513,0.0032519914921298808,0.0030606624780427335
province_ocup4d,Cáceres::3325,0.1998355718742614,0.00295853906661325,0.003049774392544636
province_ocup4d,Ourense::3325,0.20764885400969013,0.0035595386733243218,0.0030256341905928394
province_ocup4d,Ávila::3733,0.1650199929611725,0.004119323863003026,0.0030253818301902375
province_ocup4d,Sevilla::3405,0.14214223061624204,0.0030564546777839454,0.0029940816005288202
province_ocup4d,Araba/Álava::3209,0.1199311948229965,0.0022712300820965023,0.0029831639676007734
province_ocup4d,Ourense::8201,0.2234845248338865,0.0027616088510606087,0.002973843443001685
province_ocup4d,Huelva::2435,0.1395736509915798,0.003890542244138181,0.0029713692312115804
province_ocup4d,Huelva::5993,0.181071825173475,0.004031192161964956,0.00293135438707545
province_ocup4d,Castellón/Castelló::3316,0.19251525961751045,0.0026123817215551364,0.0029216524107316486
province_ocup4d,Sevilla::3315,0.15070247730507527,0.0029568922240887576,0.0029051582199584964
province_ocup4d,Araba/Álava::7322,0.2128802848303199,0.0031434691612556354,0.0029017431843234237
province_ocup4d,Araba/Álava::8121,0.1612032691157278,0.003649073087598669,0.002895694611954968
province_ocup4d,Guadalajara::2121,0.23742753220179372,0.0036961861032104755,0.0028910855766609554
province_ocup4d,Badajoz::2435,0.21979644347318475,0.002511571736821638,0.002880405142724627
province_ocup4d,Huesca::9441,0.12762474548275576,0.002805967435801595,0.0028645651693947854
province_ocup4d,Jaén::8141,0.15230314523066193,0.0020543770858655937,0.002845227614260313
province_ocup4d,Albacete::2911,0.20129523694190157,0.0021551853729772745,0.0028200310615933157
province_ocup4d,Castellón/Castelló::7315,0.20030184040255317,0.0027977554302578912,0.002808064233178333
province_ocup4d,Málaga::2466,0.19145081656916943,0.0027244238362699996,0.0027807667638222863
province_ocup4d,Murcia::2461,0.1747214167456665,0.00260739604364884,0.0027763377208355673
province_ocup4d,Ciudad Real::9223,0.163377048089855,0.00307076272875265,0.002756106387205409
province_ocup4d,Santa Cruz de Tenerife::3324,0.1848871082598958,0.0031075525517160157,0.0027282859106692596
province_ocup4d,Murcia::2465,0.23165757241062745,0.0024019335054668383,0.0027221361941646848
province_ocup4d,Castellón/Castelló::2469,0.23433406960288206,0.0023315177026454353,0.0026971401050058137
province_ocup4d,Málaga::3405,0.23689939165501422,0.0028646146443300487,0.002695685059561916
province_ocup4d,Cáceres::6300,0.23135818766138624,0.0025988335036873215,0.002690629116802949
province_ocup4d,Teruel::3110,0.19944125037909546,0.0023830648048476987,0.0026893702651476672
province_ocup4d,Castellón/Castelló::2435,0.213513944867682,0.002573026036134761,0.00265836654475312
province_ocup4d,Valladolid::7613,0.16131054457295105,0.0025985826568697954,0.0026538543757280196
province_ocup4d,Ceuta::7132,0.22518940018492228,0.0019479613736071739,0.002644809580582217
province_ocup4d,Alicante/Alacant::2159,0.17801210236412762,0.003147827843722156,0.002631945724548958
province_ocup4d,Salamanca::7613,0.12997900887034491,0.0022041233171298177,0.0026161292388116797
province_ocup4d,Cantabria::9530,0.16258036085209052,0.0024765684095612926,0.0026031458442796933
province_ocup4d,Teruel::7521,0.22362285890257771,0.001347185220521702,0.002588741881651983
province_ocup4d,Ceuta::3733,0.1291562016503765,0.002220470544919577,0.0025704190879473118
province_ocup4d,Salamanca::3316,0.16219968085852965,0.0027100728871730954,0.0025579695642457935
province_ocup4d,Almería::7321,0.22757453348151876,0.0024752259822463287,0.002553718829573538
province_ocup4d,Zaragoza::1212,0.18827920562286166,0.0020804803058894284,0.002549810388957916
province_ocup4d,Segovia::7403,0.1513286567482602,0.002297779636321671,0.0025472026777253985
province_ocup4d,Teruel::8209,0.18838720193949135,0.0019070731222284463,0.002543826306925684
province_ocup4d,Cantabria::7222,0.20756044625663575,0.001757315247009157,0.0025371956439033502
province_ocup4d,Lleida::7622,0.17557264608434517,0.002584480699651431,0.002535552244462204
province_ocup4d,Badajoz::8142,0.17382700684397737,0.002539072859564186,0.0025288837433074915
province_ocup4d,"Palmas, Las::7315",0.19208152905934203,0.002029089467412346,0.002527930768709996
province_ocup4d,Ourense::3722,0.19583239783523146,0.0029050623984399975,0.0025276289311192196
province_ocup4d,Castellón/Castelló::8114,0.10455344121603768,0.0022148188616369635,0.0025249147866534764
province_ocup4d,"Palmas, Las::2911",0.21821994858770555,0.0016963858671677134,0.0025236748347167845
province_ocup4d,Burgos::8114,0.21090002217308998,0.0021175394219975527,0.0025108816392433986
province_ocup4d,Albacete::6209,0.18448693525456825,0.002205888493288757,0.0025101858105215373
province_ocup4d,Madrid::7112,0.17422024935127364,0.002217559913340495,0.002499546818284774
province_ocup4d,Burgos::4424,0.1398269413901724,0.0019727994909322527,0.0024918790152237196
province_ocup4d,Toledo::2473,0.226499210572655,0.002728693126625133,0.002484066134471961
province_ocup4d,Lugo::3326,0.19654571346628674,0.0021651628658288092,0.002482973365250288
province_ocup4d,Ourense::3321,0.1811879654275002,0.0015833859249771442,0.0024788294530865757
province_ocup4d,Pontevedra::7294,0.20949317283203678,0.002191544464974322,0.002461355620316402
province_ocup4d,Gipuzkoa::8141,0.23579085549520978,0.001765247777226869,0.0024586861294552376
province_ocup4d,Málaga::8111,0.2112644280301276,0.0018523940866276435,0.002450193294907879
province_ocup4d,Huesca::7323,0.212719515919444,0.0022697145255073437,0.002439244648772765
province_ocup4d,Granada::7522,0.11716947503987954,0.0022402161185416376,0.002437857953566858
province_ocup4d,Valencia/València::6202,0.22024754920750617,0.00185090631554844,0.002428250542430579
province_ocup4d,Córdoba::7322,0.21533517410024886,0.0015664408258177066,0.0024253349147919157
province_ocup4d,Castellón/Castelló::8151,0.17955098652545876,0.002026717687186907,0.0024202960683208804
province_ocup4d,Cantabria::7293,0.21557483252763115,0.002044132575860105,0.0024198723770923157
province_ocup4d,Cáceres::3722,0.22219725088627182,0.0016825283793662634,0.0024187567528845618
province_ocup4d,Murcia::3151,0.12654275676471596,0.002004527955140532,0.0024113541483634098
province_ocup4d,Girona::7405,0.19834909842829526,0.0018583419545124243,0.002407170090341948
province_ocup4d,Zaragoza::7614,0.07692712092918813,0.0023531269423735573,0.002407140892993559
province_ocup4d,Sevilla::7402,0.1951284609339781,0.0018924242131566913,0.002401529369049487
province_ocup4d,Málaga::2461,0.12827262443890866,0.001980603162343585,0.0023793494068353547
province_ocup4d,Murcia::3324,0.12324031093493924,0.002003135096218719,0.0023567527943435477
province_ocup4d,Jaén::3722,0.107709386202855,0.0020360096144429744,0.0023543360934344423
province_ocup4d,Jaén::5893,0.21319195183860482,0.001563014179122644,0.0023367922286523903
province_ocup4d,Almería::3325,0.16823891255448475,0.0018414083282107835,0.0023301228382048515
province_ocup4d,Cuenca::7191,0.15296387672058376,0.0016749627580126848,0.0023297850180163514
province_ocup4d,Granada::5993,0.15563364888837936,0.0021814997874450986,0.002326337803254652
province_ocup4d,Almería::2422,0.22032728808634497,0.0016055502255948517,0.0023259732236509123
province_ocup4d,Guadalajara::6205,0.19289315974316837,0.0019329618650658338,0.002324515470865969
province_ocup4d,Toledo::9223,0.14307783674846858,0.0024393340266692606,0.0023213331093268064
province_ocup4d,Almería::4442,0.21113715296041233,0.0019404171668553447,0.002319120966157914
province_ocup4d,Almería::7614,0.1628928704264069,0.0024531966128508733,0.0023164765735932116
province_ocup4d,Huelva::6209,0.2015879172853029,0.0019307555903488446,0.00231641058564184
province_ocup4d,Segovia::9443,0.14016622329748724,0.0018920177849234756,0.002313901173157681
province_ocup4d,Murcia::7193,0.15448930064703512,0.002092835032509103,0.0023138556057486974
province_ocup4d,Huesca::3321,0.23397295233397425,0.002317666790904135,0.0023138222511806146
province_ocup4d,Navarra::7122,0.22529476868108084,0.002378375438580431,0.0023023901089088803
province_ocup4d,"Rioja, La::5000",0.2227077488118457,0.001989417600345797,0.002302373799975082
province_ocup4d,Cantabria::3132,0.09200252836746373,0.0020450762678772324,0.0022916175489246077
province_ocup4d,Albacete::7122,0.18389748512394608,0.0018642389377000214,0.0022838878662425617
province_ocup4d,Cádiz::7522,0.16536473448857042,0.0018165031048685166,0.0022796242042874824
province_ocup4d,Santa Cruz de Tenerife::7892,0.14753904866548756,0.0019434333793601584,0.00227663800424221
province_ocup4d,Huesca::3713,0.22559488078389317,0.0021625044893445536,0.002270115997459394
province_ocup4d,Asturias::2443,0.19407627320517912,0.0017789822234671473,0.0022521694185995756
province_ocup4d,Pontevedra::2469,0.2207686590918256,0.0019194813190735105,0.002251808383088821
province_ocup4d,"Rioja, La::3325",0.18975894536281832,0.0018169546668889472,0.0022503618049795203
province_ocup4d,Ourense::2911,0.16287191964522862,0.002057365691792218,0.002243251598823655
province_ocup4d,Jaén::2465,0.2115540122959381,0.001927613658778864,0.0022314029668260536
province_ocup4d,Murcia::7811,0.18706474884740243,0.0020171286590470456,0.002224383674545612
province_ocup4d,Ciudad Real::4443,0.1933891487412681,0.0021306930090347095,0.0022221622936369756
province_ocup4d,"Palmas, Las::1422",0.20448320228773487,0.0019984364581427418,0.002219018277427497
province_ocup4d,Bizkaia::7705,0.22947188996143145,0.0016886710693369887,0.0022038917074774446
province_ocup4d,Pontevedra::2461,0.22246134008118765,0.0021033663562886958,0.002202390891105878
province_ocup4d,Guadalajara::8191,0.15644553125082522,0.0019755890949016094,0.00219787895350553
province_ocup4d,Bizkaia::0020,0.18060156558735208,0.0019485964256308432,0.002195569515160897
province_ocup4d,Segovia::8153,0.2236495287340512,0.0018467268614212,0.0021953660826664564
province_ocup4d,Ciudad Real::8144,0.15589342680452034,0.0018823152942122488,0.0021947761234600753
province_ocup4d,Jaén::7837,0.15577951478649338,0.0020044381532035747,0.0021903845001792913
province_ocup4d,Zamora::7521,0.22615868091532534,0.0020511481915494885,0.0021896180986359748
province_ocup4d,Pontevedra::7837,0.1727228918161582,0.0017333906492544096,0.002183568110875462
province_ocup4d,"Balears, Illes::5892",0.17825989060410438,0.0018640170053359321,0.002182110720539913
province_ocup4d,Valladolid::7707,0.21215421045265276,0.0019431439860010985,0.0021820318563666157
province_ocup4d,Navarra::8201,0.14660572713005462,0.0019187426537237316,0.002180986939697932
province_ocup4d,Ávila::6209,0.2056774918837146,0.0016274359070837915,0.0021802463028540464
province_ocup4d,Cantabria::2436,0.19293021386637813,0.0019241484700541509,0.0021738694530164795
province_ocup4d,Barcelona::3629,0.13855416002558943,0.0019026857909612116,0.0021718808773674133
province_ocup4d,"Balears, Illes::2424",0.19429098829372113,0.0016854500782184378,0.0021706859245673653
province_ocup4d,Guadalajara::3833,0.19207016083729248,0.0020395327455038402,0.0021622211755057807
province_ocup4d,Ciudad Real::7293,0.20362656199005316,0.0017876091669280704,0.002152608986797911
province_ocup4d,Gipuzkoa::8193,0.20247415521316792,0.0018837571240948481,0.0021517380366880977
province_ocup4d,Gipuzkoa::2154,0.13002283872978898,0.0022567700166517416,0.0021452180380291596
province_ocup4d,León::3833,0.19124002310101268,0.001735732968700066,0.0021443185206520966
province_ocup4d,"Coruña, A::5892",0.20697868082684912,0.001861208337634747,0.002139508565122531
province_ocup4d,Murcia::9434,0.17453517681280512,0.00165166171915031,0.0021303741317968096
province_ocup4d,Almería::9223,0.11961504159002496,0.0017724682602590757,0.002123305612881513
province_ocup4d,Valencia/València::3204,0.22881953931910937,0.0021340692370917466,0.0021182507593812284
province_ocup4d,Salamanca::9530,0.2042341691972249,0.0017190573437975048,0.00211703151522926
province_ocup4d,Huesca::8132,0.11244266131003833,0.0018891834434572893,0.0021169285272804373
province_ocup4d,Almería::9441,0.19186600381957541,0.00213240253825533,0.002113693419540367
province_ocup4d,Alicante/Alacant::2465,0.15159362857977143,0.00205789900941532,0.002112686310703983
province_ocup4d,Almería::2911,0.15680039000419901,0.0017459012296335609,0.002109224348707074
province_ocup4d,Huelva::8113,0.20816542954747508,0.001697707298651114,0.0021044039664409025
province_ocup4d,Zamora::4424,0.17744774280287384,0.0019413461570397964,0.00210306739315707
province_ocup4d,Murcia::4446,0.1338542581232882,0.001876666430996565,0.002090847202989863
province_ocup4d,Palencia::3126,0.2261518476504598,0.0017620542886484898,0.0020858113086792036
province_ocup4d,Cádiz::2461,0.22661965898522135,0.001544483207368418,0.0020840854638521913
province_ocup4d,Navarra::7293,0.23499960102169679,0.0019791309100349592,0.002082226463145059
province_ocup4d,Bizkaia::3135,0.2302840067179514,0.0018170253509601463,0.0020809332542745997
province_ocup4d,Bizkaia::2158,0.23223228030460144,0.0019357061180801857,0.002075388355694799
province_ocup4d,Pontevedra::6209,0.19031728183371846,0.0015785004602521175,0.0020740000625247166
province_ocup4d,Almería::7835,0.1674960561899245,0.0016186233030041329,0.0020621756041353037
province_ocup4d,Palencia::3715,0.17736746774028633,0.0016287219177174225,0.002050607114527907
province_ocup4d,Segovia::7111,0.2242183307665748,0.0015912447843721886,0.0020502767046949
province_ocup4d,"Coruña, A::8151",0.10882157191923124,0.0017976818512621116,0.002043682809918472
province_ocup4d,Gipuzkoa::0011,0.23121440865308834,0.0016586703413657923,0.0020378331443289895
province_ocup4d,Almería::5993,0.1800544642999831,0.001977862188664326,0.0020367997282289036
province_ocup4d,Córdoba::9222,0.1918318424031755,0.0017094495686007336,0.002035311326905134
province_ocup4d,Lleida::8151,0.17945723526744098,0.001622867853972967,0.002034995633181019
province_ocup4d,Zamora::8332,0.19886261157510032,0.001615577668113318,0.0020335096568731476
province_ocup4d,Girona::3326,0.17933326382451423,0.0018769986276000385,0.0020319681474110325
province_ocup4d,Zamora::7191,0.10344152730306154,0.001769736551866171,0.002024691444804848
province_ocup4d,Zaragoza::3329,0.16068095081920464,0.0017850827600815447,0.0020178743020681537
province_ocup4d,Girona::7702,0.1321181462244373,0.0018478540001701513,0.0020136868583463413
province_ocup4d,León::3321,0.15969881623705412,0.0016466318542032825,0.0020047121595642243
province_ocup4d,Palencia::7531,0.13249296964453477,0.0016223441655107262,0.0019989898713052567
province_ocup4d,Burgos::6205,0.1532827083484142,0.0015658496734838165,0.001998816575624943
province_ocup4d,Toledo::6203,0.08878158104694063,0.001662849725131798,0.0019953926214496286
province_ocup4d,Cuenca::3314,0.21325303255501002,0.0014945642968137807,0.0019918130107206902
province_ocup4d,Córdoba::8131,0.14047161183904996,0.0016729398896320133,0.0019877355432236354
province_ocup4d,Ciudad Real::3209,0.17724357386358647,0.0017441412110569302,0.0019852815985126277
province_ocup4d,León::7835,0.2140159035867036,0.001613072130013024,0.00198421382770462
province_ocup4d,Sevilla::9434,0.19419636988056588,0.0017093625597493578,0.0019829178784544974
province_ocup4d,Murcia::3329,0.14124803294398644,0.0017302720120947743,0.0019810949885842887
province_ocup4d,Badajoz::3711,0.1487554429856628,0.0016157892187209392,0.0019771456783068846
province_ocup4d,Albacete::7321,0.14114087566422964,0.0017601833712411954,0.0019766473156208296
province_ocup4d,Asturias::7832,0.162916698850983,0.0018309697640475403,0.0019756064376039084
province_ocup4d,Asturias::7315,0.10459659839418722,0.0016055445510033076,0.001973410935522974
province_ocup4d,Cantabria::2473,0.11863576161551329,0.0017953234328089128,0.001973195107166557
province_ocup4d,Salamanca::7837,0.13819865883725535,0.0014813107986549842,0.0019716386867602406
province_ocup4d,Barcelona::7894,0.11617618672834029,0.0017783455875018624,0.0019654892989727567
province_ocup4d,Alicante/Alacant::8132,0.21186734284464728,0.0017250485760032196,0.001965160404852713
province_ocup4d,Zamora::3831,0.1796814903276252,0.0015066060428810867,0.0019612877984799865
province_ocup4d,Ciudad Real::2466,0.1544846403932001,0.0017857095516520954,0.001951749319213538
province_ocup4d,Asturias::2151,0.22852453047726226,0.0016803979115429578,0.0019500758041355074
province_ocup4d,León::2436,0.1823139794353953,0.001959963827303793,0.0019440623469339834
province_ocup4d,Córdoba::4443,0.22346593198881165,0.0017026253143191629,0.0019376836925021747
province_ocup4d,Teruel::7703,0.22374885233849556,0.0015233359495820339,0.0019275147822567721
province_ocup4d,Lugo::7622,0.17747863726765464,0.0017122201766989796,0.0019152605041962978
province_ocup4d,"Coruña, A::2151",0.2290518540337817,0.001619780588276442,0.0019068844311172267
province_ocup4d,Lleida::9441,0.16695602913205962,0.0015698112008525021,0.0019020292877349216
province_ocup4d,"Coruña, A::7222",0.20595906175613685,0.0018525318652627294,0.0019016972297114297
province_ocup4d,Melilla::9441,0.1679334485136712,0.0017935743641967882,0.0018945184992624335
province_ocup4d,"Palmas, Las::5892",0.14312883551592098,0.0015031776928039447,0.0018938840056091273
province_ocup4d,Gipuzkoa::2159,0.22685065651530562,0.0013224745586675618,0.0018921385288700665
province_ocup4d,Navarra::2443,0.1771289885120263,0.0016760239879987193,0.001891458810234734
province_ocup4d,Cádiz::1212,0.19019321612068904,0.0017290381404718215,0.0018911178129064283
province_ocup4d,Gipuzkoa::7293,0.2294646632181447,0.001854356408242136,0.0018898162575209413
province_ocup4d,Almería::3734,0.22874090868512859,0.0014203642063460354,0.0018876465453755503
province_ocup4d,Valladolid::7616,0.22566587185187156,0.00173614255705182,0.0018852872772402542
province_ocup4d,Almería::8191,0.23290370460446524,0.0016136485251345028,0.001883763200594835
province_ocup4d,Cantabria::3711,0.1568235020091488,0.0014613404303169802,0.0018815109777897236
province_ocup4d,Córdoba::8141,0.23423231348392887,0.0016670551253834382,0.0018727668905672314
province_ocup4d,Málaga::1112,0.13179698087895128,0.0017903520473284745,0.0018719450425279522
province_ocup4d,Salamanca::2911,0.1769832478666731,0.001750153308562636,0.0018684039083280471
province_ocup4d,Almería::3151,0.16614475606075968,0.0016899663445028603,0.0018675257617819904
province_ocup4d,Cádiz::9530,0.15144421847714182,0.0015855424610832381,0.0018649067915990792
province_ocup4d,Huelva::8160,0.21052003432424177,0.0015050912394850686,0.0018607057907661304
province_ocup4d,Sevilla::7295,0.15285481266612594,0.0018642372089753476,0.0018605256312944824
province_ocup4d,Bizkaia::5993,0.12555170495247223,0.0017970281328748233,0.0018578095473522458
province_ocup4d,Palencia::2424,0.19209147443197436,0.0016023825379356523,0.0018550065250082758
province_ocup4d,Madrid::6205,0.21088726185768483,0.0014026473765257241,0.0018543336734586767
province_ocup4d,Tarragona::6203,0.2084535087702747,0.0015522626488118228,0.0018516556984203311
province_ocup4d,Cuenca::8332,0.1321781567976777,0.001545853098909885,0.001843178368597118
province_ocup4d,Castellón/Castelló::1422,0.18401773595929294,0.0014248521630659719,0.0018329464552499304
province_ocup4d,Murcia::6421,0.19727189044475252,0.0019307671196708207,0.0018281888789767947
province_ocup4d,Palencia::7240,0.13055797027616803,0.0018326596265057728,0.00182760731052074
province_ocup4d,Cantabria::7616,0.19248927557208886,0.0014756277249511496,0.001827386916764327
province_ocup4d,Valencia/València::7295,0.1570782683847479,0.0016037698692774956,0.001823871712652425
province_ocup4d,Girona::7835,0.19178644803260272,0.0015092011943169921,0.0018193418289643472
province_ocup4d,"Coruña, A::7891",0.2230457386811049,0.0016566131526090952,0.0018189507823348366
province_ocup4d,Valladolid::7294,0.15238804808794112,0.0015919039987646255,0.001813247908815067
province_ocup4d,"Rioja, La::8170",0.11493394971472437,0.0017815228928338188,0.001810445726535297
province_ocup4d,Málaga::8156,0.07234363122138561,0.0015777768478333813,0.0018018122730866924
province_ocup4d,"Rioja, La::7212",0.19831595784214234,0.001958437359393843,0.0017955685683352682
province_ocup4d,Guadalajara::3123,0.18063492663505093,0.0015574420722186918,0.0017950933758173278
province_ocup4d,Pontevedra::7222,0.11842913407372546,0.0016790955361182323,0.001791120936641939
province_ocup4d,Bizkaia::8193,0.1013597128276912,0.0016648412733263848,0.0017887406704808248
province_ocup4d,Barcelona::3151,0.21203946857772418,0.001697992884512307,0.001786591378303434
province_ocup4d,Navarra::6209,0.2349765510865082,0.0016820740777180668,0.0017851127607003752
province_ocup4d,Sevilla::8144,0.23067341229557775,0.0017657777601827298,0.0017843234490427734
province_ocup4d,Santa Cruz de Tenerife::8141,0.12640351651721185,0.0016161893003641358,0.0017830765203741708
province_ocup4d,Jaén::3316,0.175220161149764,0.0016065453253715967,0.0017805216598314826
province_ocup4d,Pontevedra::8431,0.12099264253937808,0.0015971521641564164,0.0017761318774755226
province_ocup4d,Santa Cruz de Tenerife::3209,0.15451321385208397,0.0017482664451239072,0.0017743435252617205
province_ocup4d,Pontevedra::7623,0.18596744990764105,0.0014454535812462891,0.0017711155448035974
province_ocup4d,Sevilla::8143,0.13906161884245447,0.0016330764375208377,0.001768273976960434
province_ocup4d,Barcelona::6202,0.16599759022670177,0.001616387202899261,0.0017678631882140378
province_ocup4d,Burgos::7702,0.19343742435835357,0.0015614781472408832,0.001765716113268532
province_ocup4d,Badajoz::8170,0.1873911493931491,0.0013672159045930179,0.0017648214018405925
province_ocup4d,Gipuzkoa::5893,0.21431915032890395,0.001242694644123975,0.0017626292358677753
province_ocup4d,Granada::2443,0.1995288685750694,0.0017838115416822864,0.0017592126354297503
province_ocup4d,Segovia::3123,0.120274563751147,0.0015630581498208322,0.001756281677255652
province_ocup4d,Teruel::8202,0.2345608753154473,0.0015197447123114257,0.0017537779871204726
province_ocup4d,Araba/Álava::2911,0.2143221838133019,0.0016979410653093325,0.0017504965638683353
province_ocup4d,Valencia/València::3152,0.1865156366270469,0.0015051066919171642,0.0017499025189341027
province_ocup4d,Bizkaia::7835,0.11809895996969844,0.001649972197547995,0.001748769434687337
province_ocup4d,"Coruña, A::7193",0.1902930737587607,0.0014396475994530222,0.0017437860744098106
province_ocup4d,Cádiz::9434,0.12409347031780131,0.001498789377958754,0.0017407936120392784
province_ocup4d,Santa Cruz de Tenerife::9434,0.2066399654200464,0.0014121303108389671,0.0017378332705484032
province_ocup4d,Huelva::9441,0.155858250111567,0.0015294528104244705,0.0017335547451189197
province_ocup4d,Albacete::4442,0.21153420933859754,0.001557558836086716,0.0017332758057596455
province_ocup4d,Tarragona::7614,0.1476744643663135,0.0016138762541085734,0.001733054882763384
province_ocup4d,Ciudad Real::0020,0.1459473488062121,0.0016274033654881603,0.0017285565166680927
province_ocup4d,Almería::8340,0.16755084729763595,0.0014906704867443403,0.0017239006285862844
province_ocup4d,Sevilla::7324,0.1723761300933694,0.0016191151476672575,0.0017231592000182434
province_ocup4d,Granada::3533,0.1047032202742614,0.0015856518999068018,0.0017195639819485218
province_ocup4d,Palencia::3732,0.1846239338506758,0.0014889848818245442,0.0017082045897067039
province_ocup4d,Albacete::5893,0.14232113987939354,0.001631778679361879,0.0017077328834190395
province_ocup4d,Ciudad Real::7623,0.16673929447711824,0.0016821795890909494,0.0017062537134514483
province_ocup4d,Salamanca::7314,0.146517789644798,0.0016009821371660727,0.0017047651816541323
province_ocup4d,Toledo::0020,0.21967180319190907,0.0015018598628066336,0.0017035080867557476
province_ocup4d,Badajoz::4442,0.12656020459532621,0.0015097848978116912,0.001701232578551442
province_ocup4d,Badajoz::8114,0.10356738580483171,0.0014578953364754548,0.0016909113721415307
province_ocup4d,Palencia::8170,0.1066464476970248,0.0014505062937071103,0.001680481717614091
province_ocup4d,Almería::8114,0.18368451378053893,0.0015439347559227878,0.0016778528454200778
province_ocup4d,Castellón/Castelló::7222,0.14852863745026584,0.0017096345262918938,0.0016777187536703023
province_ocup4d,Huesca::7313,0.2303716898514819,0.0014997635234341154,0.0016752824904855577
province_ocup4d,Alicante/Alacant::7324,0.23369915493687074,0.001569817912282199,0.0016701519358574453
province_ocup4d,Guadalajara::8160,0.16343215909120887,0.0014075755196302539,0.0016691579093909834
province_ocup4d,Cantabria::7623,0.16607955763200502,0.0016815981190855314,0.0016688272279462015
province_ocup4d,Toledo::8131,0.2016660899388221,0.0015578210634066593,0.0016684686062629142
province_ocup4d,"Coruña, A::2443",0.18592878392385986,0.0013798229357794756,0.0016677139884972696
province_ocup4d,"Balears, Illes::3711",0.1528520706328431,0.0016337046068374463,0.0016656622489866987
province_ocup4d,"Palmas, Las::7611",0.20001509960993075,0.0015648210219360893,0.001664802175935853
province_ocup4d,Madrid::3125,0.158179896937907,0.001485130150808869,0.0016645003329040296
province_ocup4d,Valencia/València::7612,0.14050627477939828,0.001467432101401812,0.0016609506844646432
province_ocup4d,Palencia::9443,0.2115985005454004,0.0014754309645697954,0.0016550192919867741
province_ocup4d,Valladolid::7705,0.21761149068235092,0.0015854798190422642,0.0016519038589883242
province_ocup4d,Murcia::8431,0.19561534182461973,0.0015179002961622872,0.0016506234064604134
province_ocup4d,Jaén::9530,0.20257969563325978,0.0014164520626355347,0.0016455407693067958
province_ocup4d,Córdoba::4442,0.1673079097391381,0.0014959205371821056,0.0016414726081971595
province_ocup4d,Gipuzkoa::4442,0.1151331605114922,0.0015404708369212434,0.0016356582664163232
province_ocup4d,Lleida::8191,0.2255169599273919,0.0015768068468003955,0.001634711625495297
province_ocup4d,Zamora::3126,0.1710121637488603,0.0015992326046843633,0.001626937109319854
province_ocup4d,"Palmas, Las::3209",0.21543192609028522,0.0016221755455537758,0.0016218845735358203
province_ocup4d,Murcia::3331,0.15481793072613903,0.001632428015638007,0.0016162684030514329
province_ocup4d,Araba/Álava::3316,0.22542435708736924,0.001542786538173517,0.00161592241673142
province_ocup4d,León::3722,0.22928988373268483,0.0014140742033123762,0.0016153478992812246
province_ocup4d,Tarragona::3734,0.18641700718654614,0.0015143677433226,0.0016125797164197376
province_ocup4d,Málaga::8141,0.13800049979509577,0.001341435082382323,0.0016099462308520197
province_ocup4d,Toledo::8311,0.16869788005523362,0.0014198479243212843,0.0015997499627155292
province_ocup4d,Jaén::7623,0.1359455690259859,0.0015766638976126989,0.001598693374334412
province_ocup4d,Granada::8156,0.14900610997225336,0.0015461054396284704,0.0015971021576497446
province_ocup4d,Toledo::2435,0.21383907296519875,0.0013736998765720041,0.0015963138829624582
province_ocup4d,Cantabria::3152,0.12010054735521827,0.0016132360531673571,0.0015962100527565715
province_ocup4d,Tarragona::3339,0.23291805816852362,0.0014629916123917188,0.0015956173949660092
province_ocup4d,Huesca::3325,0.15989929382266463,0.0015126393876933948,0.0015927536576613927
province_ocup4d,Alicante/Alacant::2464,0.1836013809506455,0.0014965438262750357,0.0015909813269326541
province_ocup4d,Gipuzkoa::3151,0.17470593108888083,0.0014833815288487718,0.0015909683159615697
province_ocup4d,Almería::3316,0.18536938885322982,0.0014197308299570195,0.0015907472349158578
province_ocup4d,Gipuzkoa::7212,0.19065370522000827,0.0014263438201889025,0.001589028257584347
province_ocup4d,Valladolid::6209,0.17438801061022946,0.0014459376229381123,0.0015845449980998842
province_ocup4d,Cádiz::7623,0.13885197847441905,0.0014420981085321784,0.0015785230007536964
province_ocup4d,Guadalajara::7531,0.22805591542756115,0.0012652700453969078,0.0015784644597458038
province_ocup4d,Ourense::7191,0.14266445307530642,0.0014491298423902625,0.0015783635124544872
province_ocup4d,Pontevedra::2151,0.16547578641387525,0.0013961782945526322,0.001577816011147211
province_ocup4d,Alicante/Alacant::3324,0.16854184756748414,0.0013681011005777957,0.0015774718950454362
province_ocup4d,Jaén::8151,0.2032519267932728,0.0015283970038247584,0.0015670365497845707
province_ocup4d,Tarragona::7294,0.23743898590888757,0.001486584683855097,0.0015658760333886828
province_ocup4d,Valencia/València::7611,0.23093245625900777,0.0012520043604116876,0.0015656362868876473
province_ocup4d,Navarra::4443,0.13676191536519458,0.0016139280150271813,0.0015643909810113175
province_ocup4d,"Palmas, Las::2155",0.1856069864129569,0.0013803592034515803,0.0015496925660851255
province_ocup4d,Ceuta::8331,0.22463598583705685,0.0016401319756831664,0.0015441194072480246
province_ocup4d,Tarragona::3132,0.19318116267006133,0.0013001620016004497,0.0015415603427331264
province_ocup4d,Zaragoza::7193,0.12235993015879752,0.0014228652853330987,0.0015408899397083202
province_ocup4d,"Palmas, Las::7708",0.13744736701839727,0.001353068923420931,0.001540083946272811
province_ocup4d,Granada::8112,0.14462686371601888,0.0014173623899773637,0.0015387459071528444
province_ocup4d,Málaga::8113,0.17163410119585287,0.0013076336898999758,0.0015379002371946294
province_ocup4d,Soria::3110,0.1649159186834459,0.0015350097550325744,0.0015366206706047072
province_ocup4d,Girona::8145,0.168106352173375,0.001412742800418211,0.0015350823738350821
province_ocup4d,Ourense::6203,0.13670872800731584,0.001428458447045289,0.001532814886640997
province_ocup4d,Cádiz::3329,0.17118489239145954,0.001380262396874952,0.0015272032025702195
province_ocup4d,Jaén::9520,0.1506264936591682,0.001361649330989288,0.0015253871599632388
province_ocup4d,Bizkaia::2465,0.16870502629206025,0.0014467369119417553,0.001521740226601938
province_ocup4d,Zamora::4121,0.22387433049240607,0.0014491647910967256,0.0015204506662931181
province_ocup4d,Albacete::7623,0.10658539982647193,0.0013984697069210383,0.0015179074865436782
province_ocup4d,Navarra::7614,0.10434519121229721,0.0012754316868367522,0.0015171458256661718
province_ocup4d,Tarragona::7835,0.15195962891930503,0.0014870424377132724,0.0015124310845232398
province_ocup4d,Zaragoza::6205,0.20140896209420245,0.0013440915675887297,0.0015069230430278884
province_ocup4d,Melilla::3715,0.12488385754549339,0.0013442807076769685,0.0015011852886909198
province_ocup4d,"Coruña, A::3153",0.1501586058683149,0.0016547460695812762,0.0015010572617456136
province_ocup4d,Jaén::3325,0.20052280641783585,0.0013956561755983099,0.0014963290500089664
province_ocup4d,Ávila::7199,0.1907529198253819,0.0012882381882957411,0.0014928866407478089
province_ocup4d,Burgos::8193,0.1969595473766619,0.0015007802118549788,0.0014896616422505602
province_ocup4d,"Palmas, Las::7832",0.16009629192684283,0.0014128972655590509,0.0014893576949659
province_ocup4d,Granada::6202,0.18333794845320797,0.0014052921930499296,0.0014870619742624288
province_ocup4d,Ciudad Real::5893,0.22448081356994304,0.0013757359124682948,0.0014868765390597626
province_ocup4d,Tarragona::2461,0.20372795329801283,0.0013411912465738488,0.0014823593726821088
province_ocup4d,Sevilla::3207,0.17014513108530133,0.0015065578903876837,0.0014808745038787435
province_ocup4d,Barcelona::6203,0.10980619690690659,0.001546425952254889,0.0014797393460231122
province_ocup4d,Cáceres::8141,0.12111191794630015,0.001443537836027044,0.0014790579960496754
province_ocup4d,Burgos::3713,0.2198851248648706,0.001241566399168778,0.0014778842827817694
province_ocup4d,Granada::3734,0.1436406427928887,0.0014780592616433666,0.0014759454433689667
province_ocup4d,Cantabria::8142,0.13323444103520823,0.0014259703830118997,0.001475167967559785
province_ocup4d,"Palmas, Las::8201",0.15980156259920722,0.0014544101921929982,0.001470782788874199
province_ocup4d,Sevilla::6423,0.20952490512077185,0.0013959224491899129,0.0014705752608193852
province_ocup4d,Pontevedra::8151,0.13998591570834545,0.001431386617953453,0.0014682400231609642
province_ocup4d,Zaragoza::7616,0.12242254734779014,0.0014752796823228516,0.0014676801636860411
province_ocup4d,Cádiz::2112,0.1713052162364272,0.0013516751751294308,0.001464672559499389
province_ocup4d,Tarragona::3316,0.17891691158293835,0.0012456478919808537,0.0014641552669899351
province_ocup4d,Alicante/Alacant::3207,0.12760143014922629,0.0013578353959895666,0.0014635673832635347
province_ocup4d,Palencia::3831,0.17699045191369223,0.0013888721034768967,0.0014600045987549191
province_ocup4d,Cuenca::7232,0.08384169438670029,0.0013127942639650852,0.0014577255575125433
province_ocup4d,Toledo::1421,0.17958201149319922,0.001549428154225967,0.0014545841806703457
province_ocup4d,Ourense::7531,0.12370409759123685,0.0014251207652492682,0.00145456954080155
province_ocup4d,"Coruña, A::8192",0.17247909834951866,0.0014121361593571122,0.0014509520532876084
province_ocup4d,Asturias::7892,0.1763967639351124,0.001377485735023994,0.0014486487927783337
province_ocup4d,Girona::7613,0.1973604763387499,0.0013960656610766341,0.0014479102683275479
province_ocup4d,Zamora::8112,0.2220447328477165,0.0016418293324783582,0.0014466069742592623
province_ocup4d,Albacete::8131,0.18559327489199287,0.0014219621558812022,0.0014460299583132217
province_ocup4d,Málaga::3324,0.16259501945453816,0.001326455096599706,0.0014457775590183595
province_ocup4d,"Palmas, Las::6421",0.22577840824329595,0.0016537626094955133,0.0014433026418061217
province_ocup4d,Cáceres::7811,0.21495976594006627,0.0012866899892275093,0.001442224106671242
province_ocup4d,Cantabria::3151,0.15166766778184504,0.0011410864775902828,0.0014406490241107147
province_ocup4d,Zaragoza::7293,0.21001227023205485,0.0013687969980868027,0.001428660087240711
province_ocup4d,Tarragona::7315,0.22524163026337923,0.001216919349297101,0.001423888926936494
province_ocup4d,Burgos::3733,0.1945542551446013,0.0013177592757578824,0.0014236911727389372
province_ocup4d,Murcia::7709,0.22210522296809254,0.0014944973801349585,0.0014194453284638528
province_ocup4d,Cádiz::8145,0.13503338986501995,0.0014192663236522064,0.0014154983363045142
province_ocup4d,Ourense::3833,0.144792611643969,0.0013561587831656756,0.0014139475412630902
province_ocup4d,Valladolid::7322,0.10541149759638388,0.0013697256981968387,0.0014132417182972756
province_ocup4d,"Palmas, Las::7705",0.185879808693816,0.0013183553615039262,0.0014110523731530606
province_ocup4d,Cádiz::8122,0.20265801797035704,0.0012969588755702042,0.0014108900360799493
province_ocup4d,Burgos::7232,0.21185346583379927,0.0012224681132460774,0.001410714347449005
province_ocup4d,Granada::9223,0.187127398313781,0.0013963229007780444,0.0014099322228088478
province_ocup4d,Alicante/Alacant::2157,0.17694080836107637,0.0014472917602517995,0.0014079632604451916
province_ocup4d,Salamanca::3321,0.23091758825763273,0.0013159654272856583,0.001407535595449076
province_ocup4d,Málaga::2151,0.20315426734257291,0.001441364339419259,0.0014054320809149398
province_ocup4d,Cáceres::7614,0.23382632797400357,0.0013644561926808582,0.001400443464841986
province_ocup4d,Málaga::8122,0.11796775620185052,0.0013951791443412498,0.0013969876656083752
province_ocup4d,León::5000,0.18387117085526594,0.001371537282442738,0.0013929849076651259
province_ocup4d,Zaragoza::5892,0.1712354852117604,0.00141140907322846,0.0013912813678896652
province_ocup4d,Toledo::8151,0.11924764554659444,0.0014761293960696275,0.0013858468111583512
province_ocup4d,Segovia::7191,0.20025280524146524,0.0013411166254291896,0.0013849741354297778
province_ocup4d,Granada::9603,0.2201382597722267,0.0015701546958022121,0.0013792334328791836
province_ocup4d,Zaragoza::6209,0.1697064046479429,0.001397766636741313,0.0013768467702794539
province_ocup4d,Cádiz::2155,0.2353589262362672,0.001318568423054539,0.0013690150672204743
province_ocup4d,"Balears, Illes::3329",0.22730203256942205,0.0013673799567071004,0.0013664461231201257
province_ocup4d,Palencia::3713,0.1456398949445857,0.0013651415920091618,0.0013636512464508506
province_ocup4d,Huelva::6422,0.23073158403870955,0.0015120083088811405,0.0013630437367989996
province_ocup4d,Asturias::3734,0.22271881523419543,0.001468108687126443,0.0013611129350795867
province_ocup4d,Alicante/Alacant::8144,0.12467401063624695,0.0013489725593521771,0.0013607342826040196
province_ocup4d,Ciudad Real::8191,0.15348981851617086,0.0013912279011938375,0.0013602685905766195
province_ocup4d,Tarragona::7122,0.13139768079171973,0.0013058659978823094,0.0013584892145488462
province_ocup4d,Cádiz::3209,0.17305999557009313,0.0013699624961677295,0.0013536735918296683
province_ocup4d,Valladolid::8440,0.1841469734713444,0.0012766050428934775,0.001349737832530682
province_ocup4d,Badajoz::6203,0.2274239672092066,0.0012906490018214478,0.001344595235699913
province_ocup4d,Málaga::2483,0.16600567923276602,0.0013849846739729323,0.0013395953936256393
province_ocup4d,Granada::1212,0.23217206946336988,0.0013779602317317513,0.0013373898808614856
province_ocup4d,Pontevedra::1422,0.12426933615552692,0.0013479021650262095,0.0013327064786183055
province_ocup4d,"Coruña, A::3132",0.10844115132481372,0.0015270214053650273,0.0013310104220210577
province_ocup4d,Valencia/València::8411,0.21705172040147924,0.0013932767394401486,0.0013298571188087168
province_ocup4d,Granada::6209,0.20638106610319468,0.0013187612720720174,0.0013294658758826502
province_ocup4d,Bizkaia::3153,0.19639271140627385,0.001343654731702732,0.0013287385294335667
province_ocup4d,Guadalajara::3316,0.12052011066202985,0.001348442264006683,0.001326089163847625
province_ocup4d,Málaga::7295,0.1480696854061368,0.001356129466685525,0.0013156704751239527
province_ocup4d,Palencia::9221,0.2308559841881177,0.0014294868398313082,0.0013094497970946662
province_ocup4d,Murcia::6205,0.23176273399753597,0.001443835161190911,0.0013091828399994234
province_ocup4d,Castellón/Castelló::7122,0.1342945023533074,0.0012541650096732858,0.001309092257835777
province_ocup4d,Girona::8143,0.08640618180851528,0.001486236637226403,0.0013062273915303406
province_ocup4d,León::8113,0.2113096455100407,0.0014544175442269217,0.0013053032840971907
province_ocup4d,Ávila::7132,0.22733125238833896,0.0012032874599291067,0.0013050490777985928
province_ocup4d,Málaga::7812,0.17337496768027752,0.0013240272427960736,0.0013046618638730008
province_ocup4d,Valladolid::5893,0.18372666278827568,0.0012351215349116862,0.0013014015823496433
province_ocup4d,Asturias::9320,0.15124217882397334,0.0013767984811549616,0.0012966684585435588
province_ocup4d,Cantabria::8131,0.11827626632309828,0.001326449188088862,0.0012879001823511427
province_ocup4d,Ciudad Real::8114,0.1227794869620929,0.0013139116502587417,0.0012865272842794249
province_ocup4d,Guadalajara::9530,0.22920338480482338,0.0013661350841548377,0.0012767016085820611
province_ocup4d,Santa Cruz de Tenerife::5000,0.14912006805807307,0.0013494058664214777,0.001271343746826182
province_ocup4d,Zamora::2424,0.19481938272230234,0.0012268984440028565,0.0012699918381539874
province_ocup4d,"Palmas, Las::8431",0.21072029132016762,0.0012734488051427916,0.0012681718183474705
province_ocup4d,Toledo::9441,0.15182496995050648,0.0013787471179804015,0.0012681466710561364
province_ocup4d,Sevilla::2483,0.15225396065899688,0.0013224629797752747,0.0012657816323322266
province_ocup4d,Cáceres::7321,0.15192720672785767,0.001314176917857145,0.0012578835592035442
province_ocup4d,Toledo::8121,0.2353427694992479,0.001427503194150309,0.001252119929277094
province_ocup4d,Navarra::8114,0.14980807570752638,0.0012458583014996448,0.001250222777540386
province_ocup4d,Teruel::8111,0.11376025476195104,0.0013269157275456723,0.0012499822729715305
province_ocup4d,Madrid::7615,0.18293222217629773,0.001209053892334818,0.0012487965578672875
province_ocup4d,Tarragona::7321,0.15972537871309725,0.0012331484529265557,0.0012450953148688143
province_ocup4d,Cádiz::8141,0.16472132982901172,0.0013366900814152087,0.0012439130350395137
province_ocup4d,Tarragona::8145,0.23061402742992043,0.0012753138133751731,0.0012394023798146657
province_ocup4d,Ciudad Real::7613,0.19491224211256472,0.0013325925452766592,0.0012367187526028357
province_ocup4d,Barcelona::7704,0.22978971983054544,0.0012789167799745426,0.0012332749591818894
province_ocup4d,Cantabria::8121,0.12476678229615382,0.0013508346735102554,0.0012288884872617913
province_ocup4d,Albacete::7293,0.1494963117308326,0.0013041860351777803,0.001226822832837872
province_ocup4d,Bizkaia::5892,0.1740800012699536,0.0012257293991789699,0.0012266800157747604
province_ocup4d,Tarragona::1422,0.2371409166888678,0.0013203698329977255,0.001223514438159713
province_ocup4d,Albacete::0020,0.11507192502751493,0.001259380469452165,0.0012233263176741642
province_ocup4d,Valencia/València::3622,0.20359895042466802,0.001425946220400183,0.0012228525805742638
province_ocup4d,Pontevedra::8192,0.22548597824755326,0.0012457673417213403,0.0012228032509685597
province_ocup4d,Madrid::8144,0.18351578458584236,0.0013744220584578472,0.0012157452962440812
province_ocup4d,Ávila::3715,0.19333232846190596,0.0012387443372155868,0.0012153681391092223
province_ocup4d,Badajoz::8156,0.1701645685408776,0.001321323288968741,0.001214137245068436
province_ocup4d,Alicante/Alacant::1112,0.1460238404976121,0.001245736474308552,0.0012058764156348328
province_ocup4d,Palencia::4423,0.19947071435964964,0.001397446823450332,0.001203468753553722
province_ocup4d,Asturias::6421,0.21287890808973478,0.001345288330861684,0.001199611880783275
province_ocup4d,Melilla::7510,0.12372105571588903,0.001228232821960418,0.0011985361879673715
province_ocup4d,Bizkaia::8143,0.16638655698105578,0.0013070615288381887,0.0011952336746159336
province_ocup4d,Asturias::9434,0.19885145009029695,0.0013748971769622141,0.0011947254361271778
province_ocup4d,Toledo::2155,0.20185288972633453,0.0013162535710095334,0.0011932417895801968
province_ocup4d,Palencia::3123,0.1613725980716041,0.0013404389651160082,0.0011890729231122958
province_ocup4d,Cádiz::7295,0.17687028236901148,0.0012843640826016678,0.0011839539301955434
province_ocup4d,Albacete::8114,0.19369419786521977,0.0012097495505794902,0.0011835233931524983
province_ocup4d,"Rioja, La::8420",0.2168870494160756,0.001226649950957193,0.0011790066346466256
province_ocup4d,Asturias::8122,0.12158933518543175,0.0012854903315637162,0.0011772974693687844
province_ocup4d,Jaén::5000,0.10986104993510892,0.001223957575044675,0.0011763888005285792
province_ocup4d,Murcia::7611,0.21112691678278162,0.0012867620833603005,0.0011739655258120785
province_ocup4d,Ourense::7835,0.21559747761588566,0.0013101971817263095,0.0011732087943326364
province_ocup4d,Palencia::8202,0.22374545899726433,0.0013036195572834963,0.0011729773230433145
province_ocup4d,Teruel::7314,0.22831011062245993,0.0012278348914382907,0.001164985823184696
province_ocup4d,Toledo::7704,0.11561859113188284,0.0012905754527855176,0.0011616193366009823
province_ocup4d,Jaén::7122,0.13336823334844702,0.0012636649986837714,0.0011596171229391252
province_ocup4d,Cuenca::3110,0.13622348720080008,0.0012542170219342077,0.001159183572686615
province_ocup4d,Toledo::9222,0.13519787683007567,0.0013413079198743916,0.0011459732682095076
province_ocup4d,Cáceres::7622,0.14979339774286377,0.0011619905435673156,0.0011457399149404288
province_ocup4d,Cáceres::0020,0.16499991334733805,0.0013119500917145217,0.0011453583621427615
province_ocup4d,Tarragona::7616,0.21794912694419674,0.0013349584219505912,0.0011450756035509579
province_ocup4d,"Rioja, La::8160",0.1966098263828342,0.0011742480777612763,0.0011334215192370968
province_ocup4d,Granada::7222,0.14247442861247217,0.001240180284206567,0.0011324377490898045
province_ocup4d,Granada::7812,0.2038346628436403,0.001245436834530458,0.0011317181629719375
province_ocup4d,Albacete::3833,0.23606045903390296,0.0012576841059290785,0.0011316288457949603
province_ocup4d,Alicante/Alacant::0011,0.2083806920409175,0.0011386552211420714,0.0011294865122467848
province_ocup4d,Zamora::7323,0.2186544253930797,0.0012511295305514516,0.0011287168008897858
province_ocup4d,Soria::7403,0.1545563070070106,0.0011671857642231174,0.0011286967872787999
province_ocup4d,Cáceres::7314,0.23629055988999634,0.0012999362505488152,0.0011278872521090755
province_ocup4d,Cantabria::8201,0.13446123735624715,0.0012369248387789158,0.001127057811604239
province_ocup4d,Valencia/València::3311,0.11774688788464778,0.0012379265279918708,0.0011234210021873023
province_ocup4d,Cuenca::5993,0.20531498892403782,0.0012759520223681194,0.0011167771549054637
province_ocup4d,Lleida::3733,0.19099420881353277,0.0011429314588820793,0.0011166203673191682
province_ocup4d,Madrid::7532,0.2185131114968748,0.0011995937006690437,0.0011156555955234967
province_ocup4d,Valencia/València::3151,0.15000369998797503,0.0012644347628915677,0.001110780419043369
province_ocup4d,Huelva::9542,0.23063417048520776,0.0012659138440549703,0.0011065473783789014
province_ocup4d,Santa Cruz de Tenerife::7894,0.225421151391911,0.0013612770589826798,0.0011038750328410164
province_ocup4d,Burgos::7622,0.11947492742307948,0.00121354193279553,0.0011021054143577447
province_ocup4d,Cádiz::2483,0.2099592301163823,0.0012388151930105235,0.0010981938132497962
province_ocup4d,Granada::7315,0.20128679093352445,0.0012980634798137672,0.0010972714666993343
province_ocup4d,Cádiz::5931,0.16026690785121223,0.0012543345991464783,0.0010932357521587271
province_ocup4d,Almería::9222,0.2215318642293821,0.0011799965910775617,0.0010929368533165555
province_ocup4d,Asturias::8144,0.20248078169431247,0.001217060146992605,0.0010920576745916814
province_ocup4d,Huesca::9229,0.22570052712565844,0.0013156668208574975,0.0010915547288446522
province_ocup4d,Cáceres::5993,0.14159757146595106,0.0011895965517219977,0.0010912683208074562
province_ocup4d,Guadalajara::7314,0.23438585862793676,0.0013624712337172125,0.0010845394539116967
province_ocup4d,Toledo::7122,0.11782212815504835,0.0012948506605046668,0.0010794869463223828
province_ocup4d,Santa Cruz de Tenerife::3151,0.17994187856885854,0.00114543273484107,0.0010790111936208866
province_ocup4d,Santa Cruz de Tenerife::6205,0.21452117276132746,0.0012526088941871793,0.0010773018860904414
province_ocup4d,Burgos::7812,0.2199946102972532,0.0012697050095014139,0.0010729770064153603
province_ocup4d,Valencia/València::7708,0.17710879888599657,0.0012388965649904936,0.001071817551125436
province_ocup4d,Salamanca::6209,0.2173992968306906,0.0011765547581786713,0.001070449000437968
province_ocup4d,Cantabria::6421,0.18837796288444023,0.0012908934220059922,0.0010659044539297077
province_ocup4d,Ciudad Real::7614,0.17147473534285973,0.0012472281271229224,0.0010605762727679748
province_ocup4d,Badajoz::7707,0.1454014954056252,0.0012115933778421865,0.0010597058651296652
province_ocup4d,Navarra::7322,0.23039970216954148,0.0012658821044816998,0.0010570374210543071
province_ocup4d,Bizkaia::8340,0.23498413374688346,0.0012982814960647228,0.0010473118879441023
province_ocup4d,Tarragona::7812,0.12965920833490854,0.0011758742516969416,0.0010470878166603406
province_ocup4d,Sevilla::7704,0.13586770653090313,0.001146676519636325,0.00104136316855939
province_ocup4d,Cádiz::5000,0.13785431178297466,0.0011975359185122983,0.0010375055960330799
province_ocup4d,Ávila::3126,0.18692221879178517,0.001074902652428243,0.0010336299120248984
province_ocup4d,"Palmas, Las::2464",0.2127280143184693,0.0011698466007627577,0.0010326670236277158
province_ocup4d,Asturias::7193,0.16221934029974194,0.001202393370128839,0.001030924216052131
province_ocup4d,Pontevedra::3311,0.17126064322801282,0.0010929407077539584,0.0010295490212416242
province_ocup4d,Huelva::3151,0.17666453425182238,0.0012218007967231778,0.0010294278925227986
province_ocup4d,Zaragoza::7315,0.1386429342571556,0.0012456574783324447,0.0010282452606634705
province_ocup4d,Araba/Álava::5000,0.1559576588837258,0.0011325908705668943,0.001028026995687926
province_ocup4d,Melilla::7701,0.20714249000333734,0.0012142295279332456,0.0010271562035178952
province_ocup4d,Girona::3316,0.20059232219734957,0.0010612357976686677,0.0010239390483829372
province_ocup4d,Valencia/València::3612,0.21309188149709532,0.0012063993797449318,0.0010210154696388516
province_ocup4d,Ávila::3732,0.18217038422309295,0.0011382937935324562,0.0010115609397513127
province_ocup4d,Cáceres::8170,0.11745218353435918,0.0012443371365757473,0.0010106999156236816
province_ocup4d,Salamanca::8321,0.18412904133489438,0.0012159069227878417,0.0009976001054766064
province_ocup4d,Cádiz::5993,0.19783049254007878,0.0011513217929903696,0.000991466053737172
province_ocup4d,Pontevedra::1421,0.1874287576509277,0.0012526766618759242,0.0009891823529454983
province_ocup4d,Cuenca::7212,0.23250398760626348,0.0012003788842285493,0.0009866916382055895
province_ocup4d,Gipuzkoa::2911,0.17978389555325683,0.0011670952985571512,0.0009851269391778748
province_ocup4d,Zamora::8209,0.19684854907890414,0.0012084880542822603,0.000984454378168099
province_ocup4d,León::9229,0.17214036254340193,0.0011980988211986925,0.0009831898441580637
province_ocup4d,Málaga::8121,0.15375057532009673,0.0011560704709651468,0.000982828813730918
province_ocup4d,Araba/Álava::4442,0.18340810166684055,0.0011537643281089676,0.0009727239667926326
province_ocup4d,Burgos::7211,0.1388871395057348,0.001175017881356954,0.0009718536723447944
province_ocup4d,Asturias::7522,0.17675327280476377,0.0011528744293192925,0.0009706182113221434
province_ocup4d,Soria::8333,0.1802767876830545,0.001194843225060586,0.0009704130935061454
province_ocup4d,Zamora::7820,0.2144315520889092,0.001209969298279189,0.0009656365143747959
province_ocup4d,Zaragoza::8151,0.21591163348550488,0.0011355311743699898,0.0009632651411920979
province_ocup4d,Pontevedra::3331,0.23070613102817697,0.0011311177681044046,0.0009560820873660236
province_ocup4d,"Coruña, A::7294",0.14965896023894865,0.0011116988464723596,0.0009541696294169695
province_ocup4d,Melilla::5812,0.16724088403799567,0.0010978193666522263,0.0009500829179093873
province_ocup4d,Segovia::7705,0.23401107366582102,0.0011204819793379714,0.0009498794119998337
province_ocup4d,Murcia::7704,0.16345603472748318,0.001130833882189499,0.0009415018742651654
province_ocup4d,Alicante/Alacant::7295,0.16424765591329185,0.00108907522916365,0.0009384452659509743
province_ocup4d,Navarra::8156,0.20102066548448874,0.0010797520804234552,0.0009368903769537088
province_ocup4d,Lleida::7531,0.15747469516677223,0.0011114998077981673,0.0009344649542483733
province_ocup4d,Gipuzkoa::3209,0.20723329185595116,0.0011612309037213402,0.0009319782329671531
province_ocup4d,Ávila::7820,0.23398143891838172,0.0011898708996040037,0.000928788353443946
province_ocup4d,Burgos::8121,0.16419103095204976,0.0011201933240078934,0.000926212449690927
province_ocup4d,Pontevedra::7193,0.16614711363135293,0.0011695358403566475,0.0009213780782012653
province_ocup4d,"Rioja, La::4443",0.20472461163983993,0.001151381418285471,0.0009203193691787063
province_ocup4d,Cádiz::7704,0.18053145094455741,0.0011386255097696428,0.0009118680718311044
province_ocup4d,Badajoz::7623,0.20506783968194758,0.0010999540989112746,0.0009116463550259691
province_ocup4d,Asturias::5622,0.23001872621208602,0.0010404991796576519,0.0009104163543053598
province_ocup4d,"Rioja, La::7622",0.16455638152325988,0.0011356011818680059,0.0009102865693291964
province_ocup4d,León::2911,0.18545092574172756,0.0010976796964217456,0.0009094063492242105
province_ocup4d,Cádiz::8143,0.1071247424019138,0.0011087239705991824,0.0009087237840555984
province_ocup4d,Huesca::8332,0.2227923588716246,0.0010212746126145394,0.0008980009914934497
province_ocup4d,Barcelona::7811,0.11159150319612007,0.001108134889495587,0.0008903698898981378
province_ocup4d,Alicante/Alacant::7404,0.1572865125547947,0.0011110523127044777,0.0008798100429605447
province_ocup4d,Ourense::7212,0.20653291524901513,0.0010597891297418154,0.0008746290432703984
province_ocup4d,"Coruña, A::9320",0.16423242339225766,0.0010609971578083893,0.000874211298731997
province_ocup4d,"Balears, Illes::7322",0.22683647515266922,0.0009949440337083473,0.0008701597912823568
province_ocup4d,Huelva::7321,0.2164835673274063,0.0010784947825967224,0.000867717870424175
province_ocup4d,Toledo::8144,0.14635917108922003,0.001083017640480244,0.0008668890529984495
province_ocup4d,Málaga::8411,0.17553589967652394,0.0011059736737080589,0.0008632194638928314
province_ocup4d,Madrid::3155,0.23630564584531463,0.0011001743213795833,0.0008630767102650564
province_ocup4d,Barcelona::7707,0.22475205382280256,0.0010592062787925785,0.0008531539429285778
province_ocup4d,Cádiz::9223,0.17717365694512793,0.0010796596866493532,0.0008465032121846332
province_ocup4d,Cantabria::8321,0.23425605433766464,0.0011596337786801535,0.0008450473406718477
province_ocup4d,Guadalajara::5893,0.1759005909846697,0.0010755945978974729,0.0008382605484448475
province_ocup4d,Araba/Álava::2461,0.22978614606547126,0.0010755773018686554,0.0008313222908803067
province_ocup4d,Huelva::6421,0.23053113394896274,0.0010703317290594145,0.000828710683580784
province_ocup4d,Soria::9520,0.18591137675146338,0.0010930398560392467,0.0008261914925413707
province_ocup4d,Huesca::3314,0.19630915033398913,0.0010761242561666486,0.0008245704869045046
province_ocup4d,Gipuzkoa::6209,0.19110706889356358,0.0010638102374319683,0.000822794269615009
province_ocup4d,Zaragoza::7294,0.19801747609706255,0.0010401805889571837,0.0007988841217457958
province_ocup4d,Sevilla::7193,0.2331289501035681,0.0009923976188772469,0.0007897460995308874
province_ocup4d,Cantabria::5622,0.22379737110830641,0.0010235504424878378,0.000789127181666838
province_ocup4d,Ourense::7812,0.21089765871272254,0.0010465489652631535,0.0007888117302243165
province_ocup4d,Teruel::9520,0.21380184956489162,0.0010348279655114727,0.0007868305856878588
province_ocup4d,Córdoba::7295,0.15541146057306718,0.0010174111024731996,0.0007787599376570828
province_ocup4d,Huesca::9530,0.18943237970852037,0.000967490785871329,0.0007741980499131959
province_ocup4d,"Coruña, A::8141",0.23434565762200119,0.001130605400652168,0.0007719474306923063
province_ocup4d,Badajoz::8160,0.22907487758456058,0.000994487590004763,0.0007653325337270691
province_ocup4d,Ávila::8170,0.1513682550626058,0.001002043911431311,0.0007634022877719002
province_ocup4d,Málaga::3151,0.17716463190528445,0.0010270341787332236,0.0007618474267253138
province_ocup4d,Ourense::7321,0.2260053397605345,0.000988498033837756,0.0007598819452828491
province_ocup4d,Córdoba::7122,0.19777823362230898,0.0010042182940837943,0.0007560135472533979
province_ocup4d,Teruel::5430,0.2172099137062063,0.001056230777584774,0.0007438011505163557
province_ocup4d,Málaga::7894,0.17919962979963974,0.0010458538679608952,0.00074362972445321
province_ocup4d,Zaragoza::8143,0.16152707583447198,0.0010571189162408515,0.0007419007428501557
province_ocup4d,Melilla::4423,0.1518587748301313,0.0010222496893609943,0.0007367304894162558
province_ocup4d,Zamora::3732,0.23184303545768964,0.0010164927964697297,0.0007314693851793201
province_ocup4d,"Balears, Illes::2155",0.2232267734976407,0.0009423343340013992,0.0007254347859985303
province_ocup4d,Zamora::8160,0.20954007341749414,0.0010061434733807868,0.0007243789419619353
province_ocup4d,Bizkaia::7294,0.1974892998647598,0.001016131352849159,0.0007119372554317881
province_ocup4d,Palencia::4121,0.2273484941248587,0.0010121074934129168,0.0006816999073929298
province_ocup4d,Zaragoza::0020,0.17485168530160497,0.000943982545800372,0.0006552738012322832
province_ocup4d,Tarragona::5622,0.18220436309330068,0.0009506476495523892,0.0006417299289591343
province_ocup4d,Cáceres::3132,0.23063969840138382,0.0009130127314252315,0.0006346767148505747
province_ocup4d,Segovia::4221,0.20922197783479318,0.0009694059951089411,0.0006326418073426467
province_ocup4d,Pontevedra::7321,0.22819311974953307,0.0009612926218689292,0.0006141996357365568
province_ocup4d,Huesca::7705,0.21014243158066573,0.0008620377115352313,0.0005499190309298205
province_ocup4d,Zamora::7533,0.22477947186927916,0.0008559903313817849,0.0004947434126004891
province_ocup4d,Castellón/Castelló::8340,0.21736331660077643,0.0008081244543544173,0.0004941551736724104
age3039_ocup4d,1312,3.9608207621602607,0.024622915557269313,0.02261660626192285
age3039_ocup4d,1212,0.9827295810532809,0.0755221189150827,0.016345055620341258
age3039_ocup4d,2443,0.12717812715802293,0.022947655049123532,0.012852160267995795
age3039_ocup4d,3339,1.707179320223712,0.01554819867599716,0.012838602217720374
age3039_ocup4d,2112,0.3080454391306999,0.029980053683237747,0.012762636159101113
age3039_ocup4d,2251,2.806895282208159,0.0322253490396433,0.01186699653139838
age3039_ocup4d,2159,1.1123394395700599,0.008827985552978966,0.011235322016274073
age3039_ocup4d,2464,1.006584971466253,0.003943085210700495,0.011146796065760245
age3039_ocup4d,3721,0.40965665985343186,0.009296097898818812,0.010844303802950284
age3039_ocup4d,2422,0.40628792829611293,0.007687666380956529,0.01083150423902967
age3039_ocup4d,5892,0.8918450988584496,0.006672653956812931,0.01055132960278278
age3039_ocup4d,2461,0.6866114139211074,0.005262441518280568,0.010474691567046397
age3039_ocup4d,9320,0.10109030693094645,0.019634945366226345,0.010253459199171791
age3039_ocup4d,7295,1.2708048418310798,0.004464127104098074,0.009934994444845288
age3039_ocup4d,8145,1.6792507347087247,0.006518844925352174,0.009890927008992072
age3039_ocup4d,8132,1.2483926270616996,0.007248689178656139,0.009822171161838344
age3039_ocup4d,1429,2.7385555076154184,0.006920402093503989,0.009653601840849544
age3039_ocup4d,7404,2.37746795931323,0.006278350015959426,0.00963594930987873
age3039_ocup4d,2452,2.872640339280623,0.005294109498280013,0.009451262252431024
age3039_ocup4d,7112,3.6416220207267904,0.0021401652175743464,0.009360205634043377
age3039_ocup4d,1421,0.5441146868223419,0.007257477677827687,0.009307643868441132
age3039_ocup4d,2435,0.33875830541787544,0.006951016970468808,0.009244339345218783
age3039_ocup4d,1112,2.264899460998441,0.007326817311645569,0.009113603786036543
age3039_ocup4d,2154,0.22343033751218216,0.0021625325759270066,0.009111433361564109
age3039_ocup4d,2423,1.536184806933113,0.002782558039237065,0.008836508499153342
age3039_ocup4d,8340,0.18318656174959969,0.011902719983215276,0.008676353077213187
age3039_ocup4d,7616,0.3521973290970903,0.00539854864298494,0.008553590496908986
age3039_ocup4d,3732,1.594240921030068,0.012369384168459206,0.00852157745807937
age3039_ocup4d,2436,1.3120892935423785,0.0036547096527519227,0.008485649071156127
age3039_ocup4d,8121,1.1392975200148763,0.004581197088008813,0.00843395616217463
age3039_ocup4d,7405,1.196646953584946,0.0033712544839979864,0.008237573830980033
age3039_ocup4d,7614,0.570851419164493,0.00521564481702733,0.008047713063843576
age3039_ocup4d,4442,0.1917173753722215,0.006537847439168521,0.007852955056432223
age3039_ocup4d,3723,2.5350743018500315,0.008165412375557261,0.007831717901947753
age3039_ocup4d,3722,0.8938820663602727,0.004971228527296297,0.007768272957137015
age3039_ocup4d,3209,1.7519533834101249,0.002851270442934171,0.007584630845321502
age3039_ocup4d,3329,0.5934772497438251,0.0037335291283721135,0.0075836583906071
age3039_ocup4d,7623,0.8007826303136063,0.003403967197106273,0.007533039097021616
age3039_ocup4d,7611,1.8407209486422518,0.006487148675541447,0.007453435400403297
age3039_ocup4d,3321,0.9515770323951611,0.006268730049209067,0.007438470613196888
age3039_ocup4d,8311,0.2007787914735128,0.004343648188202495,0.007413756297485007
age3039_ocup4d,7402,1.9293753194134071,0.007703114738399469,0.0073586353795625885
age3039_ocup4d,6205,1.4711610024667563,0.0038449357973827807,0.0072347603967566
age3039_ocup4d,7533,1.286503437068899,0.005537717144118591,0.007218617117378992
age3039_ocup4d,8141,1.3828597362025892,0.00353212084760525,0.007184415925629254
age3039_ocup4d,3724,3.113987763502096,0.005986115658321175,0.007164398327085618
age3039_ocup4d,3324,1.3567183161344345,0.0026431899650654596,0.006977886156600231
age3039_ocup4d,2473,0.5755661352149649,0.0034434115131598644,0.006847663973990951
age3039_ocup4d,3316,0.47406509818627307,0.0034470561815489616,0.0067723159805050835
age3039_ocup4d,2469,0.06292209233556523,0.003318632688302719,0.006693963653651588
age3039_ocup4d,3405,2.219876674988445,0.0038168407296726935,0.0066712191392946625
age3039_ocup4d,2911,0.4613682375551175,0.004068103372225235,0.0065265835891461284
age3039_ocup4d,3533,2.8465230140236573,0.0018861124834131594,0.006458302876563648
age3039_ocup4d,4424,2.1705373374634873,0.0060038224740954545,0.006015688588405809
age3039_ocup4d,3331,1.0976330077345267,0.003010161239384777,0.005860361879497598
age3039_ocup4d,3629,2.074630994470117,0.003990806648683015,0.005838137309737045
age3039_ocup4d,7315,0.48710958934523274,0.003321671528253037,0.0057355337714921776
age3039_ocup4d,2465,0.4313282840026882,0.003751969782823651,0.005728209749978204
age3039_ocup4d,8153,1.4224119999089964,0.004187716219875487,0.0056651464528724655
age3039_ocup4d,9100,3.2299072081752542,0.007298418126490648,0.005654020387510984
age3039_ocup4d,6204,3.4580999715143776,0.01331632097628873,0.005653406198234748
age3039_ocup4d,2466,1.1431165047970087,0.0028939496271888866,0.005602322712639637
age3039_ocup4d,8142,0.2211426434762026,0.002960648196780891,0.005569832566396334
age3039_ocup4d,9434,1.7243770322028498,0.00369178710100096,0.005534657515447496
age3039_ocup4d,3831,2.3481586344468846,0.004301706512382471,0.005482889961003686
age3039_ocup4d,3713,1.6834748538529647,0.003586942176217801,0.005371899228586279
age3039_ocup4d,2111,0.7166163718836621,0.004052022919993427,0.005360566417023637
age3039_ocup4d,7122,0.2922952401858951,0.002995124488780843,0.0053289143092765615
age3039_ocup4d,3326,1.0565658145118686,0.003900181083725533,0.005327347253282378
age3039_ocup4d,4446,1.3610841831728404,0.0030483210753225586,0.005209221136623333
age3039_ocup4d,9530,0.341263365842576,0.0039956958642195705,0.005126164214979394
age3039_ocup4d,7612,3.41820450774452,0.0026980387499107956,0.00508629390805195
age3039_ocup4d,4121,1.401464668138134,0.0033262891637409735,0.0050832616331332936
age3039_ocup4d,9490,2.3743679132990283,0.005364716388812654,0.00505317733549923
age3039_ocup4d,3125,3.7572235425684672,0.002805969652886927,0.005049741602753283
age3039_ocup4d,7705,2.191304331216337,0.004931357120340263,0.005008446418744139
age3039_ocup4d,5812,3.2324496281655213,0.005443798567969746,0.004998438660898992
age3039_ocup4d,8156,0.14573505312300705,0.0028300474560438984,0.004959630766375161
age3039_ocup4d,3733,1.2765784965415519,0.004421491375136112,0.004949592821425326
age3039_ocup4d,3133,3.749329491030566,0.005508797341285572,0.0049233845884076
age3039_ocup4d,3734,0.5065653799642754,0.0030008533773424532,0.004753567968038254
age3039_ocup4d,9229,0.47437853892880333,0.0029224721229810457,0.004749147510408305
age3039_ocup4d,8202,1.351089159002099,0.00377614093074609,0.004747183787009074
age3039_ocup4d,7837,0.541185775634907,0.003069263752488601,0.004741569167752246
age3039_ocup4d,5992,1.9302106941880408,0.00609918255090382,0.00469151975165685
age3039_ocup4d,3153,0.8853733170440728,0.0032584538283422933,0.004673005928997023
age3039_ocup4d,1422,1.3674998196121193,0.00241400625810338,0.004651701995447634
age3039_ocup4d,3715,1.9364076824297116,0.0036494395442163317,0.004627110786346167
age3039_ocup4d,5120,5.148559431985082,0.010342611194144915,0.0045522942496630525
age3039_ocup4d,2158,1.6372707525083574,0.0033370889195964873,0.004548237516591881
age3039_ocup4d,7701,1.409686346468092,0.0033161558328574825,0.004544381196720769
age3039_ocup4d,7703,1.888451253410652,0.00440584176168841,0.004518340070635356
age3039_ocup4d,8209,1.5428150592945737,0.0037195562255724827,0.004471737510152968
age3039_ocup4d,3123,1.6783862261967961,0.003952923234993316,0.004439179398226088
age3039_ocup4d,2824,2.83667094170327,0.003778586898599618,0.004412932921624876
age3039_ocup4d,9541,3.531275402414181,0.002084321403741438,0.004405891763456454
age3039_ocup4d,3711,0.2593274289385184,0.003059003365259031,0.004349555389589958
age3039_ocup4d,3110,1.820676174571014,0.0039156472938396795,0.00426312002746378
age3039_ocup4d,6202,1.312565544305039,0.0025909093694831504,0.004246329632748152
age3039_ocup4d,9222,0.10923499891943957,0.003312973306636,0.004222863462691853
age3039_ocup4d,7622,0.6323132168719833,0.003048833401786833,0.004222170840179138
age3039_ocup4d,7193,0.9971333152262503,0.004058471157495065,0.0042051426645734755
age3039_ocup4d,7191,1.8148329075432827,0.0038626959987741625,0.004056608756513842
age3039_ocup4d,9520,0.30678520377080215,0.003123891691527105,0.003976597558825049
age3039_ocup4d,5430,1.2529662689052627,0.003101029215210401,0.003970987008023617
age3039_ocup4d,3325,0.7753683485032055,0.003344238461410044,0.003869135837295421
age3039_ocup4d,8432,2.0018794860561266,0.003346534589356808,0.0038293812308854225
age3039_ocup4d,8113,2.117159306815214,0.0023437784346322086,0.00381670556007159
age3039_ocup4d,7708,3.703635714501364,0.009052004893397407,0.0037928470950464002
age3039_ocup4d,8160,0.3686335921768573,0.002796446797036631,0.0037381739767677427
age3039_ocup4d,9210,5.633881557340951,0.007641599782594567,0.0037152679101437654
age3039_ocup4d,3612,1.0372438373074617,0.002347456437867884,0.0036664608709060013
age3039_ocup4d,7401,3.103710143625484,0.003981918773167468,0.0035739865988793414
age3039_ocup4d,9221,1.0234170522999988,0.0035936926812884466,0.0035685955548979665
age3039_ocup4d,3132,0.2504210540926548,0.0024996873127843197,0.0035412333565945668
age3039_ocup4d,0011,2.4251380809410596,0.0020236180162535662,0.0035181921568922655
age3039_ocup4d,4423,1.657131630075381,0.003381650394928462,0.003516094114750953
age3039_ocup4d,8131,0.6171359341778749,0.00208578642212259,0.003498272799317946
age3039_ocup4d,8412,3.194525249534867,0.004399849758701803,0.003417975987825012
age3039_ocup4d,8192,2.3234234226158925,0.0022274978207150764,0.003416282831377476
age3039_ocup4d,7403,1.5173530207922175,0.0029412736586483484,0.003352667649549395
age3039_ocup4d,8333,1.7910598598060419,0.0032629374559230745,0.0033454911063953378
age3039_ocup4d,9820,3.882600775912312,0.004621171434813446,0.0033333451524859316
age3039_ocup4d,7212,1.1118704880239834,0.002697822859835124,0.0033023500377007296
age3039_ocup4d,9700,5.387489358933889,0.005931303433164222,0.0032979563762440276
age3039_ocup4d,8191,0.13406550603693115,0.002272769192862943,0.00327927123137676
age3039_ocup4d,3126,1.328239573150113,0.0029666992020912324,0.0032584440839377358
age3039_ocup4d,5893,0.6073044525319988,0.002763974951081281,0.00323956025665833
age3039_ocup4d,5942,2.397067672052191,0.0038779555245673785,0.0032032099279004824
age3039_ocup4d,7322,1.1353232568395204,0.00280858287741723,0.0031864888663578946
age3039_ocup4d,9443,2.318328303349781,0.0035676761723389887,0.0031859916286026404
age3039_ocup4d,9223,1.0839187129768355,0.0026254208709987994,0.0031243465579249533
age3039_ocup4d,9811,4.312955035730025,0.004641744638871743,0.003099319767429628
age3039_ocup4d,7702,0.13041644108798564,0.003379753349852356,0.003047659754352706
age3039_ocup4d,7521,2.2517155195118455,0.0032208589680262,0.002979780312868481
age3039_ocup4d,8193,0.7228052142695234,0.00281380313516025,0.0029681142190243915
age3039_ocup4d,7835,0.133764027552243,0.0024884977862430786,0.0029535136332202484
age3039_ocup4d,7211,1.05831838490567,0.002611287332458852,0.0029228882382214805
age3039_ocup4d,8440,1.091239966493122,0.003001057288974772,0.0029202322819051564
age3039_ocup4d,9442,0.763736807509916,0.0026162096642024205,0.002906149756117385
age3039_ocup4d,8170,0.20268053396801486,0.002927257599977657,0.0028854991661407424
age3039_ocup4d,5493,1.99120500715844,0.0022461723315594763,0.0028489865148328326
age3039_ocup4d,7232,1.0775463898963595,0.002751609118940009,0.002847301014868153
age3039_ocup4d,4443,0.24440556734703162,0.0029678856271639544,0.0027833254174894732
age3039_ocup4d,7121,3.626772909053553,0.003512688424299387,0.0027806822250280995
age3039_ocup4d,7510,3.0253921257659053,0.003419165714571662,0.002662716774803049
age3039_ocup4d,5710,2.7234494774462616,0.0034465787649124095,0.0026553050883252353
age3039_ocup4d,7820,0.49519321390116766,0.00242318415727681,0.0026322708943126764
age3039_ocup4d,7531,0.7810091733742577,0.002753181645356729,0.0025788253007305055
age3039_ocup4d,7704,1.2890124011321844,0.0025265453005666747,0.0025338495247312163
age3039_ocup4d,3712,2.068421942636073,0.0019060840691773817,0.0024791544113051314
age3039_ocup4d,7199,1.3861309969381137,0.002698315588928669,0.002470827375282063
age3039_ocup4d,2424,0.30129227633870714,0.00189785640750931,0.0024484764440783043
age3039_ocup4d,7706,2.882488764623891,0.0015609816823901473,0.002448107975350376
age3039_ocup4d,1111,3.555675717180112,0.0022769655628006396,0.0024247858228726867
age3039_ocup4d,7240,1.3315554823825393,0.002316756595753501,0.002410786501742261
age3039_ocup4d,7231,3.153875385223038,0.0034112279704519386,0.00239103039830934
age3039_ocup4d,7613,0.34354076608283896,0.0019963701833586958,0.0023704335976907744
age3039_ocup4d,7313,2.042711654527315,0.002653374564811188,0.0023301183279221503
age3039_ocup4d,7294,0.5203538773252425,0.002322772652467861,0.0022537699405965964
age3039_ocup4d,2483,0.870259359458193,0.0019516137789197887,0.0022514408479963398
age3039_ocup4d,9543,1.8347162023835024,0.0026456802367279845,0.002226847029044017
age3039_ocup4d,7323,1.3259060828546898,0.0022324116307528815,0.002181445845333227
age3039_ocup4d,5993,0.7718970888368026,0.0029002596943145985,0.002173580945948994
age3039_ocup4d,7321,0.5428314450234408,0.0022229664399369166,0.002167454869444232
age3039_ocup4d,7111,2.207411930871945,0.0026790623671190065,0.00211197233208864
age3039_ocup4d,7709,0.37425645242976885,0.0025404454648665646,0.0020713869169493655
age3039_ocup4d,7312,2.595496019605604,0.002790885761647058,0.00205683213163918
age3039_ocup4d,8420,0.3743782768399446,0.002338987790184765,0.0020393261624591075
age3039_ocup4d,7314,0.8289173547708313,0.0028555092250317528,0.0020372658871913633
age3039_ocup4d,7522,1.2654387185863696,0.00257594880544358,0.0019940532339326644
age3039_ocup4d,2623,3.974906206532109,0.0014023215408709457,0.001991163663143729
age3039_ocup4d,5622,0.21561736467879106,0.0026195229691796515,0.0019878415648983986
age3039_ocup4d,5629,2.556219405762326,0.002971095242234502,0.0018726811995499698
age3039_ocup4d,9603,2.072497743116867,0.002342085101776519,0.0018722024347832063
age3039_ocup4d,5941,1.4793456963413627,0.002693764975948108,0.0018125315330854335
age3039_ocup4d,6209,0.4990374739864581,0.0025303184745722757,0.001797376913313792
age3039_ocup4d,7132,2.373950430356351,0.0024832849772766846,0.0017715277030088336
age3039_ocup4d,8111,1.967068084316495,0.0020207135022351237,0.0017532607627531698
age3039_ocup4d,7131,2.9897136942019236,0.0027353385057414625,0.0017411827593753408
age3039_ocup4d,2151,0.6051651354607455,0.0018266657099524674,0.0016664337540438215
age3039_ocup4d,0020,0.5502167287583479,0.0024809486312721914,0.0016081029055112271
age3039_ocup4d,7832,0.7435413125015427,0.002334561761968511,0.0015854359735734298
age3039_ocup4d,7892,3.73740906515854,0.002172449848592177,0.0015784934422568466
age3039_ocup4d,7891,0.8774574814224972,0.0023927362941792325,0.0015746211055417956
age3039_ocup4d,5612,0.6237087546250981,0.002570714755509125,0.0015694325302582285
age3039_ocup4d,7293,0.09376453896845832,0.0023908258861620032,0.0015040420170641155
age3039_ocup4d,8201,0.6095572941460129,0.0021966424089920255,0.0014339877693394577
age3039_ocup4d,8144,1.6218549296157645,0.0018146302730737251,0.001345020017705262
age3039_ocup4d,2155,0.18612979307500263,0.001755216602264713,0.0013223078672303316
age3039_ocup4d,7811,1.9707090586473812,0.0018408047934911336,0.001320009652098835
age3039_ocup4d,3833,0.636257185345462,0.001969508103715022,0.0013156078346677998
age3039_ocup4d,8331,1.1317970676700457,0.002496631850972254,0.0013070217258193996
age3039_ocup4d,7812,0.6773935827373273,0.001963211786278044,0.0013039215069725416
age3039_ocup4d,3317,1.7273879925292275,0.0014625167033313934,0.001253181100055672
age3039_ocup4d,8122,1.8163355606338325,0.001703734910585174,0.0012373995891110019
age3039_ocup4d,8112,0.6715510790447508,0.00204360592985694,0.0011905717937953978
age3039_ocup4d,8332,0.7853933809396598,0.0020591326696535665,0.0011180582787947825
age3039_ocup4d,8431,0.6076796943763113,0.001822947946990969,0.0010962685209788769
age3039_ocup4d,5000,1.212762499706064,0.0018915252502103425,0.0010833979857841373
age3039_ocup4d,4221,1.3895535864442319,0.0022427105053000377,0.0010674693219043158
age3039_ocup4d,6410,0.8876223704572759,0.002146677367546554,0.0009910761184293584
age3039_ocup4d,9542,1.7521704370175508,0.0017499488196976636,0.00093627771384141
age3039_ocup4d,6203,1.5854177133586813,0.001541419569217225,0.000905455861034547
age3039_ocup4d,2157,1.7744459188497383,0.0019717880208600692,0.000809610513302045
age3039_ocup4d,8312,3.780923753595075,0.001494927432238852,0.0008052723615964956
age3039_ocup4d,9441,0.2659680877908082,0.0019041669485936534,0.0007710117370778147
age3039_ocup4d,1311,3.3542513354219534,0.0014719108728943168,0.0007621773847834346
age3039_ocup4d,8114,1.1819033194407864,0.001361330218987089,0.0007536999543825122
age3039_ocup4d,3314,1.7016879150579742,0.001982713669616865,0.0007221296636200347
age3039_ocup4d,3207,3.096192919415791,0.0016286211466612522,0.0007011981211639159
age3039_ocup4d,5611,3.4374014639759514,0.0021909720393673733,0.0006711990546419931
age3039_ocup4d,7532,3.6450762497224662,0.0014819952077553284,0.0006641096789446688
age3039_ocup4d,7324,1.871450483552636,0.0014607018852056753,0.0005710532807029069
age3039_ocup4d,6423,0.20668308507489186,0.0014976180717514906,0.000556447712181656
age3039_ocup4d,3204,3.805033654696189,0.0011300914424703487,0.0005487498930536023
age3039_ocup4d,3135,3.05583570433191,0.0012268352613574722,0.0005268537319559915
age3039_ocup4d,8143,1.3969607980512013,0.0015991649170503453,0.0005064078534435512
age3039_ocup4d,7615,3.1469214403717,0.0009031566909014419,0.0004951897328097912
age3039_ocup4d,6422,2.5663724601068365,0.0020597278086575137,0.0004781566490862239
age3039_ocup4d,3152,1.3173237989325717,0.0018929424632856471,0.00044013160987113197
age3039_ocup4d,3315,2.6194701989017237,0.0010886246425258017,0.0004383529450069967
age3039_ocup4d,8321,0.6395558651202221,0.001326294184346322,0.00035448778044145615
age3039_ocup4d,3311,1.383594052137709,0.001398238673783407,0.00035196440843977323
age3039_ocup4d,2121,1.6156500474219573,0.0014097428800487598,0.0003511318513245724
age3039_ocup4d,7222,1.137654935264425,0.0012931171567233937,0.00034706698456640615
age3039_ocup4d,6300,2.2487835861397416,0.0013096317026494695,0.00031994168791020115
age3039_ocup4d,6421,1.3658976102743414,0.0012713818639707552,0.00029332923361430124
age3039_ocup4d,7894,1.9755748996632763,0.0009590052602227921,0.00026174167752556014
age3039_ocup4d,3151,1.142216160880868,0.001105104446673726,0.00025562463319888534
age3039_ocup4d,3622,1.7338714861537812,0.001456154322598664,0.00024815886912101236
age3039_ocup4d,8411,2.219868369473974,0.001168001575998535,0.00022341824684855914
age3039_ocup4d,8151,1.4988581950233428,0.0011186958496682388,0.00021002385419000027
age3039_ocup4d,7707,1.0867592705751759,0.0009179090615310541,0.00015831761854637574
age3039_ocup4d,9812,4.532854765429454,0.0010336122905010197,0.00015820639681765486
age3039_ocup4d,5931,1.5975600510404988,0.0010515776765756472,0.0001559650768337872
age3039_ocup4d,8155,3.2684571821175377,0.0007798765466550022,0.00013277232702781227
age3039_ocup4d,7311,3.573311831898389,0.0006286654322572969,0.00011650851810254511
age3039_ocup4d,8322,2.6271881866508977,0.000777285224088342,0.00010997632963979336
age3039_ocup4d,6201,2.725553358525178,0.0007208751308321696,9.741354020084929e-05
age3039_ocup4d,7192,3.62244237203345,0.0004960488943677384,6.0909977463356345e-05
